time,target_idx,range_m,azimuth_deg,deg_error
0.01,2,400.0000,359.9141,-0.1000
0.01,4,899.9971,0.0127,0.0000
0.02,2,400.0000,359.8281,-0.1000
0.02,4,899.9883,0.0255,0.1000
0.03,2,400.0000,359.7422,-0.1000
0.03,4,899.9736,0.0382,0.2000
0.04,2,400.0000,359.6562,-0.1000
0.04,4,899.9530,0.0509,0.3000
0.05,2,400.0000,359.5703,-0.1000
0.05,4,899.9266,0.0636,0.4000
0.06,2,400.0000,359.4843,-0.1000
0.06,4,899.8943,0.0763,0.5000
0.07,2,400.0000,359.3984,-0.1000
0.07,4,899.8562,0.0891,0.6000
0.08,2,400.0000,359.3125,-0.1000
0.08,4,899.8122,0.1018,0.7000
0.09,2,400.0000,359.2265,-0.1000
0.09,4,899.7623,0.1144,0.8000
0.1,2,400.0000,359.1406,-0.1000
0.1,4,899.7066,0.1271,0.8000
0.11,2,400.0000,359.0546,-0.1000
0.11,4,899.6449,0.1398,0.9000
0.12,2,400.0000,358.9687,-0.2000
0.12,4,899.5775,0.1524,1.0000
0.13,2,400.0000,358.8827,-0.2000
0.13,4,899.5041,0.1651,1.1000
0.14,2,400.0000,358.7968,-0.2000
0.14,4,899.4249,0.1777,1.2000
0.15,2,400.0000,358.7108,-0.2000
0.15,4,899.3399,0.1903,1.3000
0.16,2,400.0000,358.6249,-0.2000
0.16,4,899.2490,0.2028,1.4000
0.17,2,400.0000,358.5390,-0.2000
0.17,4,899.1522,0.2154,1.5000
0.18,2,400.0000,358.4530,-0.2000
0.18,4,899.0496,0.2279,1.6000
0.19,2,400.0000,358.3671,-0.2000
0.19,4,898.9411,0.2405,1.7000
0.2,2,400.0000,358.2811,-0.2000
0.2,4,898.8267,0.2529,1.8000
0.21,2,400.0000,358.1952,-0.2000
0.21,4,898.7066,0.2654,1.9000
0.22,2,400.0000,358.1092,-0.2000
0.22,4,898.5805,0.2778,2.0000
0.23,2,400.0000,358.0233,-0.2000
0.23,4,898.4487,0.2903,2.1000
0.24,2,400.0000,357.9374,-0.2000
0.24,4,898.3110,0.3026,2.1000
0.25,2,400.0000,357.8514,-0.2000
0.25,4,898.1674,0.3150,2.2000
0.26,2,400.0000,357.7655,-0.2000
0.26,4,898.0180,0.3273,2.3000
0.27,2,400.0000,357.6795,-0.2000
0.27,4,897.8628,0.3396,2.4000
0.28,2,400.0000,357.5936,-0.2000
0.28,4,897.7018,0.3518,2.5000
0.29,2,400.0000,357.5076,-0.3000
0.29,4,897.5349,0.3640,2.6000
0.3,2,400.0000,357.4217,-0.3000
0.3,4,897.3622,0.3762,2.7000
0.31,2,400.0000,357.3357,-0.3000
0.31,4,897.1836,0.3884,2.8000
0.32,2,400.0000,357.2498,-0.3000
0.32,4,896.9993,0.4005,2.9000
0.33,2,400.0000,357.1639,-0.3000
0.33,4,896.8091,0.4125,3.0000
0.34,2,400.0000,357.0779,-0.3000
0.34,4,896.6132,0.4245,3.1000
0.35,2,400.0000,356.9920,-0.3000
0.35,4,896.4114,0.4365,3.2000
0.36,2,400.0000,356.9060,-0.3000
0.36,4,896.2038,0.4484,3.2000
0.37,2,400.0000,356.8201,-0.3000
0.37,4,895.9904,0.4603,3.3000
0.38,2,400.0000,356.7341,-0.3000
0.38,4,895.7712,0.4721,3.4000
0.39,2,400.0000,356.6482,-0.3000
0.39,4,895.5463,0.4839,3.5000
0.4,2,400.0000,356.5623,-0.3000
0.4,4,895.3155,0.4956,3.6000
0.41,2,400.0000,356.4763,-0.3000
0.41,4,895.0790,0.5073,3.7000
0.42,2,400.0000,356.3904,-0.3000
0.42,4,894.8366,0.5190,3.8000
0.43,2,400.0000,356.3044,-0.3000
0.43,4,894.5885,0.5305,3.9000
0.44,2,400.0000,356.2185,-0.3000
0.44,4,894.3347,0.5420,4.0000
0.45,2,400.0000,356.1325,-0.3000
0.45,4,894.0750,0.5535,4.1000
0.46,2,400.0000,356.0466,-0.4000
0.46,4,893.8096,0.5649,4.2000
0.47,2,400.0000,355.9606,-0.4000
0.47,4,893.5385,0.5763,4.3000
0.48,2,400.0000,355.8747,-0.4000
0.48,4,893.2616,0.5875,4.3000
0.49,2,400.0000,355.7888,-0.4000
0.49,4,892.9789,0.5988,4.4000
0.5,2,400.0000,355.7028,-0.4000
0.5,4,892.6905,0.6099,4.5000
0.51,2,400.0000,355.6169,-0.4000
0.51,4,892.3964,0.6210,4.6000
0.52,2,400.0000,355.5309,-0.4000
0.52,4,892.0965,0.6320,4.7000
0.53,2,400.0000,355.4450,-0.4000
0.53,4,891.7909,0.6430,4.8000
0.54,2,400.0000,355.3590,-0.4000
0.54,4,891.4796,0.6539,4.9000
0.55,2,400.0000,355.2731,-0.4000
0.55,4,891.1626,0.6647,5.0000
0.56,2,400.0000,355.1872,-0.4000
0.57,2,400.0000,355.1012,-0.4000
0.58,2,400.0000,355.0153,-0.4000
0.59,2,400.0000,354.9293,-0.4000
0.6,2,400.0000,354.8434,-0.4000
0.61,2,400.0000,354.7574,-0.4000
0.62,2,400.0000,354.6715,-0.4000
0.63,2,400.0000,354.5855,-0.5000
0.64,2,400.0000,354.4996,-0.5000
0.65,2,400.0000,354.4137,-0.5000
0.66,2,400.0000,354.3277,-0.5000
0.67,2,400.0000,354.2418,-0.5000
0.68,2,400.0000,354.1558,-0.5000
0.69,2,400.0000,354.0699,-0.5000
0.7,2,400.0000,353.9839,-0.5000
0.71,2,400.0000,353.8980,-0.5000
0.72,2,400.0000,353.8121,-0.5000
0.73,2,400.0000,353.7261,-0.5000
0.74,2,400.0000,353.6402,-0.5000
0.75,2,400.0000,353.5542,-0.5000
0.76,2,400.0000,353.4683,-0.5000
0.77,2,400.0000,353.3823,-0.5000
0.78,2,400.0000,353.2964,-0.5000
0.79,2,400.0000,353.2105,-0.5000
0.8,2,400.0000,353.1245,-0.6000
0.81,2,400.0000,353.0386,-0.6000
0.82,2,400.0000,352.9526,-0.6000
0.83,2,400.0000,352.8667,-0.6000
0.84,2,400.0000,352.7807,-0.6000
0.85,2,400.0000,352.6948,-0.6000
0.86,2,400.0000,352.6088,-0.6000
0.87,2,400.0000,352.5229,-0.6000
0.88,2,400.0000,352.4370,-0.6000
0.89,2,400.0000,352.3510,-0.6000
0.9,2,400.0000,352.2651,-0.6000
0.91,2,400.0000,352.1791,-0.6000
0.92,2,400.0000,352.0932,-0.6000
0.93,2,400.0000,352.0072,-0.6000
0.94,2,400.0000,351.9213,-0.6000
0.95,2,400.0000,351.8354,-0.6000
0.96,2,400.0000,351.7494,-0.7000
0.97,2,400.0000,351.6635,-0.7000
0.98,2,400.0000,351.5775,-0.7000
0.99,2,400.0000,351.4916,-0.7000
1,2,400.0000,351.4056,-0.7000
1.01,2,400.0000,351.3197,-0.7000
1.02,2,400.0000,351.2337,-0.7000
1.03,2,400.0000,351.1478,-0.7000
1.04,2,400.0000,351.0619,-0.7000
1.05,2,400.0000,350.9759,-0.7000
1.06,2,400.0000,350.8900,-0.7000
1.07,2,400.0000,350.8040,-0.7000
1.08,2,400.0000,350.7181,-0.7000
1.09,2,400.0000,350.6321,-0.7000
1.1,2,400.0000,350.5462,-0.7000
1.11,2,400.0000,350.4603,-0.7000
1.12,2,400.0000,350.3743,-0.7000
1.13,2,400.0000,350.2884,-0.8000
1.14,2,400.0000,350.2024,-0.8000
1.15,2,400.0000,350.1165,-0.8000
1.16,2,400.0000,350.0305,-0.8000
1.17,2,400.0000,349.9446,-0.8000
1.18,2,400.0000,349.8586,-0.8000
1.19,2,400.0000,349.7727,-0.8000
1.2,2,400.0000,349.6868,-0.8000
1.21,2,400.0000,349.6008,-0.8000
1.22,2,400.0000,349.5149,-0.8000
1.23,2,400.0000,349.4289,-0.8000
1.24,2,400.0000,349.3430,-0.8000
1.25,2,400.0000,349.2570,-0.8000
1.26,2,400.0000,349.1711,-0.8000
1.27,2,400.0000,349.0852,-0.8000
1.28,2,400.0000,348.9992,-0.8000
1.29,2,400.0000,348.9133,-0.8000
1.3,2,400.0000,348.8273,-0.9000
1.31,2,400.0000,348.7414,-0.9000
1.32,2,400.0000,348.6554,-0.9000
1.33,2,400.0000,348.5695,-0.9000
1.34,2,400.0000,348.4835,-0.9000
1.35,2,400.0000,348.3976,-0.9000
1.36,2,400.0000,348.3117,-0.9000
1.37,2,400.0000,348.2257,-0.9000
1.38,2,400.0000,348.1398,-0.9000
1.39,2,400.0000,348.0538,-0.9000
1.4,2,400.0000,347.9679,-0.9000
1.41,2,400.0000,347.8819,-0.9000
1.42,2,400.0000,347.7960,-0.9000
1.43,2,400.0000,347.7101,-0.9000
1.44,2,400.0000,347.6241,-0.9000
1.45,2,400.0000,347.5382,-0.9000
1.46,2,400.0000,347.4522,-0.9000
1.47,2,400.0000,347.3663,-1.0000
1.48,2,400.0000,347.2803,-1.0000
1.49,2,400.0000,347.1944,-1.0000
1.5,2,400.0000,347.1084,-1.0000
1.51,2,400.0000,347.0225,-1.0000
1.52,2,400.0000,346.9366,-1.0000
1.53,2,400.0000,346.8506,-1.0000
1.54,2,400.0000,346.7647,-1.0000
1.55,2,400.0000,346.6787,-1.0000
1.56,2,400.0000,346.5928,-1.0000
1.57,2,400.0000,346.5068,-1.0000
1.58,2,400.0000,346.4209,-1.0000
1.59,2,400.0000,346.3350,-1.0000
1.6,2,400.0000,346.2490,-1.0000
1.61,2,400.0000,346.1631,-1.0000
1.62,2,400.0000,346.0771,-1.0000
1.63,2,400.0000,345.9912,-1.0000
1.64,2,400.0000,345.9052,-1.1000
1.65,2,400.0000,345.8193,-1.1000
1.66,2,400.0000,345.7334,-1.1000
1.67,2,400.0000,345.6474,-1.1000
1.68,2,400.0000,345.5615,-1.1000
1.69,2,400.0000,345.4755,-1.1000
1.7,2,400.0000,345.3896,-1.1000
1.71,2,400.0000,345.3036,-1.1000
1.72,2,400.0000,345.2177,-1.1000
1.73,2,400.0000,345.1317,-1.1000
1.74,2,400.0000,345.0458,-1.1000
1.75,2,400.0000,344.9599,-1.1000
1.76,2,400.0000,344.8739,-1.1000
1.77,2,400.0000,344.7880,-1.1000
1.78,2,400.0000,344.7020,-1.1000
1.79,2,400.0000,344.6161,-1.1000
1.8,2,400.0000,344.5301,-1.1000
1.81,2,400.0000,344.4442,-1.2000
1.82,2,400.0000,344.3583,-1.2000
1.83,2,400.0000,344.2723,-1.2000
1.84,2,400.0000,344.1864,-1.2000
1.85,2,400.0000,344.1004,-1.2000
1.86,2,400.0000,344.0145,-1.2000
1.87,2,400.0000,343.9285,-1.2000
1.88,2,400.0000,343.8426,-1.2000
1.89,2,400.0000,343.7566,-1.2000
1.9,2,400.0000,343.6707,-1.2000
1.91,2,400.0000,343.5848,-1.2000
1.92,2,400.0000,343.4988,-1.2000
1.93,2,400.0000,343.4129,-1.2000
1.94,2,400.0000,343.3269,-1.2000
1.95,2,400.0000,343.2410,-1.2000
1.96,2,400.0000,343.1550,-1.2000
1.97,2,400.0000,343.0691,-1.3000
1.98,2,400.0000,342.9832,-1.3000
1.99,2,400.0000,342.8972,-1.3000
2,2,400.0000,342.8113,-1.3000
2.01,2,400.0000,342.7253,-1.3000
2.02,2,400.0000,342.6394,-1.3000
2.03,2,400.0000,342.5534,-1.3000
2.04,2,400.0000,342.4675,-1.3000
2.05,2,400.0000,342.3815,-1.3000
2.06,2,400.0000,342.2956,-1.3000
2.07,2,400.0000,342.2097,-1.3000
2.08,2,400.0000,342.1237,-1.3000
2.09,2,400.0000,342.0378,-1.3000
2.1,2,400.0000,341.9518,-1.3000
2.11,2,400.0000,341.8659,-1.3000
2.12,2,400.0000,341.7799,-1.3000
2.13,2,400.0000,341.6940,-1.3000
2.14,2,400.0000,341.6081,-1.4000
2.15,2,400.0000,341.5221,-1.4000
2.16,2,400.0000,341.4362,-1.4000
2.17,2,400.0000,341.3502,-1.4000
2.18,2,400.0000,341.2643,-1.4000
2.19,2,400.0000,341.1783,-1.4000
2.2,2,400.0000,341.0924,-1.4000
2.21,2,400.0000,341.0064,-1.4000
2.22,2,400.0000,340.9205,-1.4000
2.23,2,400.0000,340.8346,-1.4000
2.24,2,400.0000,340.7486,-1.4000
2.25,2,400.0000,340.6627,-1.4000
2.26,2,400.0000,340.5767,-1.4000
2.27,2,400.0000,340.4908,-1.4000
2.28,2,400.0000,340.4048,-1.4000
2.29,2,400.0000,340.3189,-1.4000
2.3,2,400.0000,340.2330,-1.4000
2.31,2,400.0000,340.1470,-1.5000
2.32,2,400.0000,340.0611,-1.5000
2.33,2,400.0000,339.9751,-1.5000
2.34,2,400.0000,339.8892,-1.5000
2.35,2,400.0000,339.8032,-1.5000
2.36,2,400.0000,339.7173,-1.5000
2.37,2,400.0000,339.6314,-1.5000
2.38,2,400.0000,339.5454,-1.5000
2.39,2,400.0000,339.4595,-1.5000
2.4,2,400.0000,339.3735,-1.5000
2.41,2,400.0000,339.2876,-1.5000
2.42,2,400.0000,339.2016,-1.5000
2.43,2,400.0000,339.1157,-1.5000
2.43,5,308.3993,345.6195,5.0000
2.44,2,400.0000,339.0297,-1.5000
2.44,5,307.7439,345.3972,4.8000
2.45,2,400.0000,338.9438,-1.5000
2.45,5,307.0901,345.1741,4.7000
2.46,2,400.0000,338.8579,-1.5000
2.46,5,306.4382,344.9504,4.6000
2.47,2,400.0000,338.7719,-1.5000
2.47,5,305.7880,344.7259,4.4000
2.48,2,400.0000,338.6860,-1.6000
2.48,5,305.1396,344.5006,4.3000
2.49,2,400.0000,338.6000,-1.6000
2.49,5,304.4931,344.2746,4.1000
2.5,2,400.0000,338.5141,-1.6000
2.5,5,303.8483,344.0478,4.0000
2.51,2,400.0000,338.4281,-1.6000
2.51,5,303.2055,343.8203,3.8000
2.52,2,400.0000,338.3422,-1.6000
2.52,5,302.5645,343.5921,3.7000
2.53,2,400.0000,338.2563,-1.6000
2.53,5,301.9255,343.3630,3.5000
2.54,2,400.0000,338.1703,-1.6000
2.54,5,301.2884,343.1333,3.4000
2.55,2,400.0000,338.0844,-1.6000
2.55,5,300.6532,342.9027,3.2000
2.56,2,400.0000,337.9984,-1.6000
2.56,5,300.0200,342.6714,3.1000
2.57,2,400.0000,337.9125,-1.6000
2.57,5,299.3888,342.4393,2.9000
2.58,2,400.0000,337.8265,-1.6000
2.58,5,298.7596,342.2065,2.8000
2.59,2,400.0000,337.7406,-1.6000
2.59,5,298.1324,341.9729,2.6000
2.6,2,400.0000,337.6546,-1.6000
2.6,5,297.5073,341.7385,2.5000
2.61,2,400.0000,337.5687,-1.6000
2.61,5,296.8843,341.5033,2.3000
2.62,2,400.0000,337.4828,-1.6000
2.62,5,296.2634,341.2673,2.1000
2.63,2,400.0000,337.3968,-1.6000
2.63,5,295.6446,341.0306,2.0000
2.64,2,400.0000,337.3109,-1.6000
2.64,5,295.0279,340.7931,1.8000
2.65,2,400.0000,337.2249,-1.7000
2.65,5,294.4135,340.5548,1.7000
2.66,2,400.0000,337.1390,-1.7000
2.66,5,293.8012,340.3157,1.5000
2.67,2,400.0000,337.0530,-1.7000
2.67,5,293.1911,340.0758,1.4000
2.68,2,400.0000,336.9671,-1.7000
2.68,5,292.5832,339.8351,1.2000
2.69,2,400.0000,336.8812,-1.7000
2.69,5,291.9776,339.5937,1.0000
2.7,2,400.0000,336.7952,-1.7000
2.7,5,291.3743,339.3514,0.9000
2.71,2,400.0000,336.7093,-1.7000
2.71,5,290.7733,339.1083,0.7000
2.72,2,400.0000,336.6233,-1.7000
2.72,5,290.1746,338.8645,0.5000
2.73,2,400.0000,336.5374,-1.7000
2.73,5,289.5782,338.6198,0.4000
2.74,2,400.0000,336.4514,-1.7000
2.74,5,288.9842,338.3743,0.2000
2.75,2,400.0000,336.3655,-1.7000
2.75,5,288.3926,338.1280,0.0000
2.76,2,400.0000,336.2795,-1.7000
2.76,5,287.8034,337.8809,-0.1000
2.77,2,400.0000,336.1936,-1.7000
2.77,5,287.2167,337.6330,-0.3000
2.78,2,400.0000,336.1077,-1.7000
2.78,5,286.6324,337.3843,-0.5000
2.79,2,400.0000,336.0217,-1.7000
2.79,5,286.0506,337.1348,-0.6000
2.8,2,400.0000,335.9358,-1.7000
2.8,5,285.4713,336.8845,-0.8000
2.81,2,400.0000,335.8498,-1.8000
2.81,5,284.8946,336.6333,-1.0000
2.82,2,400.0000,335.7639,-1.8000
2.82,5,284.3204,336.3814,-1.1000
2.83,2,400.0000,335.6779,-1.8000
2.83,5,283.7487,336.1286,-1.3000
2.84,2,400.0000,335.5920,-1.8000
2.84,5,283.1797,335.8750,-1.5000
2.85,2,400.0000,335.5061,-1.8000
2.85,5,282.6133,335.6206,-1.7000
2.86,2,400.0000,335.4201,-1.8000
2.86,5,282.0496,335.3653,-1.8000
2.87,2,400.0000,335.3342,-1.8000
2.87,5,281.4885,335.1093,-2.0000
2.88,2,400.0000,335.2482,-1.8000
2.88,5,280.9301,334.8524,-2.2000
2.89,2,400.0000,335.1623,-1.8000
2.89,5,280.3744,334.5947,-2.4000
2.9,2,400.0000,335.0763,-1.8000
2.9,5,279.8215,334.3361,-2.5000
2.91,2,400.0000,334.9904,-1.8000
2.91,5,279.2714,334.0768,-2.7000
2.92,2,400.0000,334.9044,-1.8000
2.92,5,278.7240,333.8166,-2.9000
2.93,2,400.0000,334.8185,-1.8000
2.93,5,278.1795,333.5556,-3.1000
2.94,2,400.0000,334.7326,-1.8000
2.94,5,277.6378,333.2937,-3.3000
2.95,2,400.0000,334.6466,-1.8000
2.95,5,277.0989,333.0311,-3.4000
2.96,2,400.0000,334.5607,-1.8000
2.96,5,276.5630,332.7676,-3.6000
2.97,2,400.0000,334.4747,-1.8000
2.97,5,276.0299,332.5032,-3.8000
2.98,2,400.0000,334.3888,-1.9000
2.98,5,275.4998,332.2381,-4.0000
2.99,2,400.0000,334.3028,-1.9000
2.99,5,274.9727,331.9721,-4.2000
3,2,400.0000,334.2169,-1.9000
3,5,274.4485,331.7053,-4.4000
3.01,2,400.0000,334.1310,-1.9000
3.01,5,273.9274,331.4376,-4.6000
3.02,2,400.0000,334.0450,-1.9000
3.02,5,273.4093,331.1692,-4.8000
3.03,2,400.0000,333.9591,-1.9000
3.03,5,272.8943,330.8999,-4.9000
3.04,2,400.0000,333.8731,-1.9000
3.05,2,400.0000,333.7872,-1.9000
3.06,2,400.0000,333.7012,-1.9000
3.07,2,400.0000,333.6153,-1.9000
3.08,2,400.0000,333.5293,-1.9000
3.09,2,400.0000,333.4434,-1.9000
3.1,2,400.0000,333.3575,-1.9000
3.11,2,400.0000,333.2715,-1.9000
3.12,2,400.0000,333.1856,-1.9000
3.13,2,400.0000,333.0996,-1.9000
3.14,2,400.0000,333.0137,-1.9000
3.15,2,400.0000,332.9277,-2.0000
3.16,2,400.0000,332.8418,-2.0000
3.17,2,400.0000,332.7559,-2.0000
3.18,2,400.0000,332.6699,-2.0000
3.19,2,400.0000,332.5840,-2.0000
3.2,2,400.0000,332.4980,-2.0000
3.21,2,400.0000,332.4121,-2.0000
3.22,2,400.0000,332.3261,-2.0000
3.23,2,400.0000,332.2402,-2.0000
3.24,2,400.0000,332.1543,-2.0000
3.25,2,400.0000,332.0683,-2.0000
3.26,2,400.0000,331.9824,-2.0000
3.27,2,400.0000,331.8964,-2.0000
3.28,2,400.0000,331.8105,-2.0000
3.29,2,400.0000,331.7245,-2.0000
3.3,2,400.0000,331.6386,-2.0000
3.31,2,400.0000,331.5526,-2.0000
3.32,2,400.0000,331.4667,-2.1000
3.33,2,400.0000,331.3808,-2.1000
3.34,2,400.0000,331.2948,-2.1000
3.35,2,400.0000,331.2089,-2.1000
3.36,2,400.0000,331.1229,-2.1000
3.37,2,400.0000,331.0370,-2.1000
3.38,2,400.0000,330.9510,-2.1000
3.39,2,400.0000,330.8651,-2.1000
3.4,2,400.0000,330.7792,-2.1000
3.41,2,400.0000,330.6932,-2.1000
3.42,2,400.0000,330.6073,-2.1000
3.43,2,400.0000,330.5213,-2.1000
3.44,2,400.0000,330.4354,-2.1000
3.45,2,400.0000,330.3494,-2.1000
3.46,2,400.0000,330.2635,-2.1000
3.47,2,400.0000,330.1775,-2.1000
3.48,2,400.0000,330.0916,-2.1000
3.49,2,400.0000,330.0057,-2.2000
3.5,2,400.0000,329.9197,-2.2000
3.51,2,400.0000,329.8338,-2.2000
3.52,2,400.0000,329.7478,-2.2000
3.53,2,400.0000,329.6619,-2.2000
3.54,2,400.0000,329.5759,-2.2000
3.55,2,400.0000,329.4900,-2.2000
3.56,2,400.0000,329.4041,-2.2000
3.57,2,400.0000,329.3181,-2.2000
3.58,2,400.0000,329.2322,-2.2000
3.59,2,400.0000,329.1462,-2.2000
3.6,2,400.0000,329.0603,-2.2000
3.61,2,400.0000,328.9743,-2.2000
3.62,2,400.0000,328.8884,-2.2000
3.63,2,400.0000,328.8024,-2.2000
3.64,2,400.0000,328.7165,-2.2000
3.65,2,400.0000,328.6306,-2.2000
3.66,2,400.0000,328.5446,-2.3000
3.67,2,400.0000,328.4587,-2.3000
3.68,2,400.0000,328.3727,-2.3000
3.69,2,400.0000,328.2868,-2.3000
3.7,2,400.0000,328.2008,-2.3000
3.71,2,400.0000,328.1149,-2.3000
3.72,2,400.0000,328.0290,-2.3000
3.73,2,400.0000,327.9430,-2.3000
3.74,2,400.0000,327.8571,-2.3000
3.75,2,400.0000,327.7711,-2.3000
3.76,2,400.0000,327.6852,-2.3000
3.77,2,400.0000,327.5992,-2.3000
3.78,2,400.0000,327.5133,-2.3000
3.79,2,400.0000,327.4273,-2.3000
3.8,2,400.0000,327.3414,-2.3000
3.81,2,400.0000,327.2555,-2.3000
3.82,2,400.0000,327.1695,-2.4000
3.83,2,400.0000,327.0836,-2.4000
3.84,2,400.0000,326.9976,-2.4000
3.85,2,400.0000,326.9117,-2.4000
3.86,2,400.0000,326.8257,-2.4000
3.87,2,400.0000,326.7398,-2.4000
3.88,2,400.0000,326.6539,-2.4000
3.89,2,400.0000,326.5679,-2.4000
3.9,2,400.0000,326.4820,-2.4000
3.91,2,400.0000,326.3960,-2.4000
3.92,2,400.0000,326.3101,-2.4000
3.93,2,400.0000,326.2241,-2.4000
3.94,2,400.0000,326.1382,-2.4000
3.95,2,400.0000,326.0523,-2.4000
3.96,2,400.0000,325.9663,-2.4000
3.97,2,400.0000,325.8804,-2.4000
3.98,2,400.0000,325.7944,-2.4000
3.99,2,400.0000,325.7085,-2.5000
4,2,400.0000,325.6225,-2.5000
4.01,2,400.0000,325.5366,-2.5000
4.02,2,400.0000,325.4506,-2.5000
4.03,2,400.0000,325.3647,-2.5000
4.04,2,400.0000,325.2788,-2.5000
4.05,2,400.0000,325.1928,-2.5000
4.06,2,400.0000,325.1069,-2.5000
4.07,2,400.0000,325.0209,-2.5000
4.08,2,400.0000,324.9350,-2.5000
4.09,2,400.0000,324.8490,-2.5000
4.1,2,400.0000,324.7631,-2.5000
4.11,2,400.0000,324.6772,-2.5000
4.12,2,400.0000,324.5912,-2.5000
4.13,2,400.0000,324.5053,-2.5000
4.14,2,400.0000,324.4193,-2.5000
4.15,2,400.0000,324.3334,-2.5000
4.16,2,400.0000,324.2474,-2.6000
4.17,2,400.0000,324.1615,-2.6000
4.18,2,400.0000,324.0755,-2.6000
4.19,2,400.0000,323.9896,-2.6000
4.2,2,400.0000,323.9037,-2.6000
4.21,2,400.0000,323.8177,-2.6000
4.22,2,400.0000,323.7318,-2.6000
4.23,2,400.0000,323.6458,-2.6000
4.24,2,400.0000,323.5599,-2.6000
4.25,2,400.0000,323.4739,-2.6000
4.26,2,400.0000,323.3880,-2.6000
4.27,2,400.0000,323.3021,-2.6000
4.28,2,400.0000,323.2161,-2.6000
4.29,2,400.0000,323.1302,-2.6000
4.3,2,400.0000,323.0442,-2.6000
4.31,2,400.0000,322.9583,-2.6000
4.32,2,400.0000,322.8723,-2.6000
4.33,2,400.0000,322.7864,-2.7000
4.34,2,400.0000,322.7004,-2.7000
4.35,2,400.0000,322.6145,-2.7000
4.36,2,400.0000,322.5286,-2.7000
4.37,2,400.0000,322.4426,-2.7000
4.38,2,400.0000,322.3567,-2.7000
4.39,2,400.0000,322.2707,-2.7000
4.4,2,400.0000,322.1848,-2.7000
4.41,2,400.0000,322.0988,-2.7000
4.42,2,400.0000,322.0129,-2.7000
4.43,2,400.0000,321.9270,-2.7000
4.44,2,400.0000,321.8410,-2.7000
4.45,2,400.0000,321.7551,-2.7000
4.46,2,400.0000,321.6691,-2.7000
4.47,2,400.0000,321.5832,-2.7000
4.48,2,400.0000,321.4972,-2.7000
4.49,2,400.0000,321.4113,-2.7000
4.5,2,400.0000,321.3253,-2.8000
4.51,2,400.0000,321.2394,-2.8000
4.52,2,400.0000,321.1535,-2.8000
4.53,2,400.0000,321.0675,-2.8000
4.54,2,400.0000,320.9816,-2.8000
4.55,2,400.0000,320.8956,-2.8000
4.56,2,400.0000,320.8097,-2.8000
4.57,2,400.0000,320.7237,-2.8000
4.58,2,400.0000,320.6378,-2.8000
4.59,2,400.0000,320.5519,-2.8000
4.6,2,400.0000,320.4659,-2.8000
4.61,2,400.0000,320.3800,-2.8000
4.62,2,400.0000,320.2940,-2.8000
4.63,2,400.0000,320.2081,-2.8000
4.64,2,400.0000,320.1221,-2.8000
4.65,2,400.0000,320.0362,-2.8000
4.66,2,400.0000,319.9503,-2.8000
4.67,2,400.0000,319.8643,-2.9000
4.68,2,400.0000,319.7784,-2.9000
4.69,2,400.0000,319.6924,-2.9000
4.7,2,400.0000,319.6065,-2.9000
4.71,2,400.0000,319.5205,-2.9000
4.72,2,400.0000,319.4346,-2.9000
4.73,2,400.0000,319.3486,-2.9000
4.74,2,400.0000,319.2627,-2.9000
4.75,2,400.0000,319.1768,-2.9000
4.76,2,400.0000,319.0908,-2.9000
4.77,2,400.0000,319.0049,-2.9000
4.78,2,400.0000,318.9189,-2.9000
4.79,2,400.0000,318.8330,-2.9000
4.8,2,400.0000,318.7470,-2.9000
4.81,2,400.0000,318.6611,-2.9000
4.82,2,400.0000,318.5752,-2.9000
4.83,2,400.0000,318.4892,-3.0000
4.84,2,400.0000,318.4033,-3.0000
4.85,2,400.0000,318.3173,-3.0000
4.86,2,400.0000,318.2314,-3.0000
4.87,2,400.0000,318.1454,-3.0000
4.88,2,400.0000,318.0595,-3.0000
4.89,2,400.0000,317.9735,-3.0000
4.9,2,400.0000,317.8876,-3.0000
4.91,2,400.0000,317.8017,-3.0000
4.92,2,400.0000,317.7157,-3.0000
4.93,2,400.0000,317.6298,-3.0000
4.94,2,400.0000,317.5438,-3.0000
4.95,2,400.0000,317.4579,-3.0000
4.96,2,400.0000,317.3719,-3.0000
4.97,2,400.0000,317.2860,-3.0000
4.98,2,400.0000,317.2001,-3.0000
4.99,2,400.0000,317.1141,-3.0000
5,2,400.0000,317.0282,-3.1000
5.01,2,400.0000,316.9422,-3.1000
5.02,2,400.0000,316.8563,-3.1000
5.03,2,400.0000,316.7703,-3.1000
5.04,2,400.0000,316.6844,-3.1000
5.05,2,400.0000,316.5984,-3.1000
5.06,2,400.0000,316.5125,-3.1000
5.07,2,400.0000,316.4266,-3.1000
5.08,2,400.0000,316.3406,-3.1000
5.09,2,400.0000,316.2547,-3.1000
5.1,2,400.0000,316.1687,-3.1000
5.11,2,400.0000,316.0828,-3.1000
5.12,2,400.0000,315.9968,-3.1000
5.13,2,400.0000,315.9109,-3.1000
5.14,2,400.0000,315.8250,-3.1000
5.15,2,400.0000,315.7390,-3.1000
5.16,2,400.0000,315.6531,-3.1000
5.17,2,400.0000,315.5671,-3.2000
5.18,2,400.0000,315.4812,-3.2000
5.19,2,400.0000,315.3952,-3.2000
5.2,2,400.0000,315.3093,-3.2000
5.21,2,400.0000,315.2233,-3.2000
5.22,2,400.0000,315.1374,-3.2000
5.23,2,400.0000,315.0515,-3.2000
5.24,2,400.0000,314.9655,-3.2000
5.25,2,400.0000,314.8796,-3.2000
5.26,2,400.0000,314.7936,-3.2000
5.27,2,400.0000,314.7077,-3.2000
5.28,2,400.0000,314.6217,-3.2000
5.29,2,400.0000,314.5358,-3.2000
5.3,2,400.0000,314.4499,-3.2000
5.31,2,400.0000,314.3639,-3.2000
5.31,4,502.0184,322.4900,4.9000
5.32,2,400.0000,314.2780,-3.2000
5.32,4,502.2291,322.2864,4.8000
5.33,2,400.0000,314.1920,-3.2000
5.33,4,502.4501,322.0831,4.6000
5.34,2,400.0000,314.1061,-3.3000
5.34,4,502.6815,321.8801,4.5000
5.35,2,400.0000,314.0201,-3.3000
5.35,4,502.9232,321.6773,4.4000
5.36,2,400.0000,313.9342,-3.3000
5.36,4,503.1751,321.4749,4.3000
5.37,2,400.0000,313.8482,-3.3000
5.37,4,503.4373,321.2728,4.2000
5.38,2,400.0000,313.7623,-3.3000
5.38,4,503.7097,321.0710,4.0000
5.39,2,400.0000,313.6764,-3.3000
5.39,4,503.9923,320.8696,3.9000
5.4,2,400.0000,313.5904,-3.3000
5.4,4,504.2851,320.6685,3.8000
5.41,2,400.0000,313.5045,-3.3000
5.41,4,504.5880,320.4678,3.7000
5.42,2,400.0000,313.4185,-3.3000
5.42,4,504.9010,320.2674,3.5000
5.43,2,400.0000,313.3326,-3.3000
5.43,4,505.2241,320.0675,3.4000
5.44,2,400.0000,313.2466,-3.3000
5.44,4,505.5572,319.8679,3.3000
5.45,2,400.0000,313.1607,-3.3000
5.45,4,505.9004,319.6688,3.2000
5.46,2,400.0000,313.0748,-3.3000
5.46,4,506.2535,319.4701,3.1000
5.47,2,400.0000,312.9888,-3.3000
5.47,4,506.6166,319.2718,3.0000
5.48,2,400.0000,312.9029,-3.3000
5.48,4,506.9896,319.0740,2.8000
5.49,2,400.0000,312.8169,-3.3000
5.49,4,507.3725,318.8766,2.7000
5.5,2,400.0000,312.7310,-3.3000
5.5,4,507.7652,318.6798,2.6000
5.51,2,400.0000,312.6450,-3.4000
5.51,4,508.1677,318.4833,2.5000
5.52,2,400.0000,312.5591,-3.4000
5.52,4,508.5800,318.2874,2.4000
5.53,2,400.0000,312.4732,-3.4000
5.53,4,509.0020,318.0920,2.3000
5.54,2,400.0000,312.3872,-3.4000
5.54,4,509.4337,317.8971,2.1000
5.55,2,400.0000,312.3013,-3.4000
5.55,4,509.8751,317.7027,2.0000
5.56,2,400.0000,312.2153,-3.4000
5.56,4,510.3260,317.5089,1.9000
5.57,2,400.0000,312.1294,-3.4000
5.57,4,510.7865,317.3156,1.8000
5.58,2,400.0000,312.0434,-3.4000
5.58,4,511.2565,317.1228,1.7000
5.59,2,400.0000,311.9575,-3.4000
5.59,4,511.7360,316.9306,1.6000
5.6,2,400.0000,311.8715,-3.4000
5.6,4,512.2249,316.7390,1.5000
5.61,2,400.0000,311.7856,-3.4000
5.61,4,512.7232,316.5480,1.3000
5.62,2,400.0000,311.6997,-3.4000
5.62,4,513.2308,316.3576,1.2000
5.63,2,400.0000,311.6137,-3.4000
5.63,4,513.7477,316.1677,1.1000
5.64,2,400.0000,311.5278,-3.4000
5.64,4,514.2739,315.9785,1.0000
5.65,2,400.0000,311.4418,-3.4000
5.65,4,514.8092,315.7899,0.9000
5.66,2,400.0000,311.3559,-3.4000
5.66,4,515.3537,315.6019,0.8000
5.67,2,400.0000,311.2699,-3.5000
5.67,4,515.9073,315.4145,0.7000
5.68,2,400.0000,311.1840,-3.5000
5.68,4,516.4700,315.2278,0.6000
5.69,2,400.0000,311.0981,-3.5000
5.69,4,517.0416,315.0418,0.5000
5.7,2,400.0000,311.0121,-3.5000
5.7,4,517.6222,314.8564,0.4000
5.71,2,400.0000,310.9262,-3.5000
5.71,4,518.2116,314.6716,0.3000
5.72,2,400.0000,310.8402,-3.5000
5.72,4,518.8099,314.4876,0.2000
5.73,2,400.0000,310.7543,-3.5000
5.73,4,519.4170,314.3042,0.1000
5.74,2,400.0000,310.6683,-3.5000
5.74,4,520.0328,314.1215,0.0000
5.75,2,400.0000,310.5824,-3.5000
5.75,4,520.6573,313.9396,-0.1000
5.76,2,400.0000,310.4964,-3.5000
5.76,4,521.2905,313.7583,-0.2000
5.77,2,400.0000,310.4105,-3.5000
5.77,4,521.9322,313.5777,-0.3000
5.78,2,400.0000,310.3246,-3.5000
5.78,4,522.5824,313.3979,-0.4000
5.79,2,400.0000,310.2386,-3.5000
5.79,4,523.2410,313.2188,-0.5000
5.8,2,400.0000,310.1527,-3.5000
5.8,4,523.9081,313.0404,-0.6000
5.81,2,400.0000,310.0667,-3.5000
5.81,4,524.5835,312.8627,-0.7000
5.82,2,400.0000,309.9808,-3.5000
5.82,4,525.2672,312.6858,-0.8000
5.83,2,400.0000,309.8948,-3.5000
5.83,4,525.9591,312.5097,-0.9000
5.84,2,400.0000,309.8089,-3.6000
5.84,4,526.6591,312.3343,-1.0000
5.85,2,400.0000,309.7230,-3.6000
5.85,4,527.3673,312.1597,-1.1000
5.86,2,400.0000,309.6370,-3.6000
5.86,4,528.0836,311.9858,-1.2000
5.87,2,400.0000,309.5511,-3.6000
5.87,4,528.8078,311.8127,-1.3000
5.88,2,400.0000,309.4651,-3.6000
5.88,4,529.5399,311.6404,-1.4000
5.89,2,400.0000,309.3792,-3.6000
5.89,4,530.2800,311.4689,-1.5000
5.9,2,400.0000,309.2932,-3.6000
5.9,4,531.0278,311.2982,-1.6000
5.91,2,400.0000,309.2073,-3.6000
5.91,4,531.7834,311.1283,-1.7000
5.92,2,400.0000,309.1213,-3.6000
5.92,4,532.5467,310.9591,-1.8000
5.93,2,400.0000,309.0354,-3.6000
5.93,4,533.3175,310.7908,-1.8000
5.94,2,400.0000,308.9495,-3.6000
5.94,4,534.0960,310.6233,-1.9000
5.95,2,400.0000,308.8635,-3.6000
5.95,4,534.8820,310.4566,-2.0000
5.96,2,400.0000,308.7776,-3.6000
5.96,4,535.6753,310.2907,-2.1000
5.97,2,400.0000,308.6916,-3.6000
5.97,4,536.4761,310.1256,-2.2000
5.98,2,400.0000,308.6057,-3.6000
5.98,4,537.2842,309.9614,-2.3000
5.99,2,400.0000,308.5197,-3.6000
5.99,4,538.0995,309.7980,-2.4000
6,2,400.0000,308.4338,-3.6000
6,4,538.9220,309.6354,-2.4000
6.01,2,400.0000,308.3479,-3.7000
6.01,4,539.7517,309.4737,-2.5000
6.02,2,400.0000,308.2619,-3.7000
6.02,4,540.5883,309.3128,-2.6000
6.03,2,400.0000,308.1760,-3.7000
6.03,4,541.4320,309.1527,-2.7000
6.04,2,400.0000,308.0900,-3.7000
6.04,4,542.2826,308.9935,-2.8000
6.05,2,400.0000,308.0041,-3.7000
6.05,4,543.1401,308.8351,-2.8000
6.06,2,400.0000,307.9181,-3.7000
6.06,4,544.0044,308.6776,-2.9000
6.07,2,400.0000,307.8322,-3.7000
6.07,4,544.8754,308.5209,-3.0000
6.08,2,400.0000,307.7462,-3.7000
6.08,4,545.7531,308.3651,-3.1000
6.09,2,400.0000,307.6603,-3.7000
6.09,4,546.6373,308.2102,-3.1000
6.1,2,400.0000,307.5744,-3.7000
6.1,4,547.5281,308.0561,-3.2000
6.11,2,400.0000,307.4884,-3.7000
6.11,4,548.4254,307.9029,-3.3000
6.12,2,400.0000,307.4025,-3.7000
6.12,4,549.3291,307.7505,-3.4000
6.13,2,400.0000,307.3165,-3.7000
6.13,4,550.2392,307.5990,-3.4000
6.14,2,400.0000,307.2306,-3.7000
6.14,4,551.1555,307.4484,-3.5000
6.15,2,400.0000,307.1446,-3.7000
6.15,4,552.0780,307.2986,-3.6000
6.16,2,400.0000,307.0587,-3.7000
6.16,4,553.0067,307.1497,-3.7000
6.17,2,400.0000,306.9728,-3.7000
6.17,4,553.9414,307.0017,-3.7000
6.18,2,400.0000,306.8868,-3.8000
6.18,4,554.8822,306.8546,-3.8000
6.19,2,400.0000,306.8009,-3.8000
6.19,4,555.8289,306.7083,-3.9000
6.2,2,400.0000,306.7149,-3.8000
6.2,4,556.7815,306.5629,-3.9000
6.21,2,400.0000,306.6290,-3.8000
6.21,4,557.7399,306.4184,-4.0000
6.22,2,400.0000,306.5430,-3.8000
6.22,4,558.7040,306.2748,-4.0000
6.23,2,400.0000,306.4571,-3.8000
6.23,4,559.6739,306.1320,-4.1000
6.24,2,400.0000,306.3712,-3.8000
6.24,4,560.6493,305.9901,-4.2000
6.25,2,400.0000,306.2852,-3.8000
6.25,4,561.6303,305.8491,-4.2000
6.26,2,400.0000,306.1993,-3.8000
6.26,4,562.6168,305.7090,-4.3000
6.27,2,400.0000,306.1133,-3.8000
6.27,4,563.6087,305.5698,-4.4000
6.28,2,400.0000,306.0274,-3.8000
6.28,4,564.6060,305.4314,-4.4000
6.29,2,400.0000,305.9414,-3.8000
6.29,4,565.6085,305.2939,-4.5000
6.3,2,400.0000,305.8555,-3.8000
6.3,4,566.6163,305.1573,-4.5000
6.31,2,400.0000,305.7695,-3.8000
6.31,4,567.6292,305.0216,-4.6000
6.32,2,400.0000,305.6836,-3.8000
6.32,4,568.6473,304.8868,-4.6000
6.33,2,400.0000,305.5977,-3.8000
6.33,4,569.6703,304.7528,-4.7000
6.34,2,400.0000,305.5117,-3.8000
6.34,4,570.6983,304.6197,-4.7000
6.35,2,400.0000,305.4258,-3.9000
6.35,4,571.7312,304.4875,-4.8000
6.36,2,400.0000,305.3398,-3.9000
6.36,4,572.7689,304.3562,-4.8000
6.37,2,400.0000,305.2539,-3.9000
6.37,4,573.8114,304.2257,-4.9000
6.38,2,400.0000,305.1679,-3.9000
6.38,4,574.8586,304.0962,-4.9000
6.39,2,400.0000,305.0820,-3.9000
6.39,4,575.9104,303.9675,-5.0000
6.4,2,400.0000,304.9961,-3.9000
6.41,2,400.0000,304.9101,-3.9000
6.42,2,400.0000,304.8242,-3.9000
6.43,2,400.0000,304.7382,-3.9000
6.44,2,400.0000,304.6523,-3.9000
6.45,2,400.0000,304.5663,-3.9000
6.46,2,400.0000,304.4804,-3.9000
6.47,2,400.0000,304.3944,-3.9000
6.48,2,400.0000,304.3085,-3.9000
6.49,2,400.0000,304.2226,-3.9000
6.5,2,400.0000,304.1366,-3.9000
6.51,2,400.0000,304.0507,-3.9000
6.52,2,400.0000,303.9647,-4.0000
6.53,2,400.0000,303.8788,-4.0000
6.54,2,400.0000,303.7928,-4.0000
6.55,2,400.0000,303.7069,-4.0000
6.56,2,400.0000,303.6210,-4.0000
6.57,2,400.0000,303.5350,-4.0000
6.58,2,400.0000,303.4491,-4.0000
6.59,2,400.0000,303.3631,-4.0000
6.6,2,400.0000,303.2772,-4.0000
6.61,2,400.0000,303.1912,-4.0000
6.62,2,400.0000,303.1053,-4.0000
6.63,2,400.0000,303.0193,-4.0000
6.64,2,400.0000,302.9334,-4.0000
6.65,2,400.0000,302.8475,-4.0000
6.66,2,400.0000,302.7615,-4.0000
6.67,2,400.0000,302.6756,-4.0000
6.68,2,400.0000,302.5896,-4.1000
6.69,2,400.0000,302.5037,-4.1000
6.7,2,400.0000,302.4177,-4.1000
6.71,2,400.0000,302.3318,-4.1000
6.72,2,400.0000,302.2459,-4.1000
6.73,2,400.0000,302.1599,-4.1000
6.74,2,400.0000,302.0740,-4.1000
6.75,2,400.0000,301.9880,-4.1000
6.76,2,400.0000,301.9021,-4.1000
6.77,2,400.0000,301.8161,-4.1000
6.78,2,400.0000,301.7302,-4.1000
6.79,2,400.0000,301.6442,-4.1000
6.8,2,400.0000,301.5583,-4.1000
6.81,2,400.0000,301.4724,-4.1000
6.82,2,400.0000,301.3864,-4.1000
6.83,2,400.0000,301.3005,-4.1000
6.84,2,400.0000,301.2145,-4.1000
6.85,2,400.0000,301.1286,-4.2000
6.86,2,400.0000,301.0426,-4.2000
6.87,2,400.0000,300.9567,-4.2000
6.88,2,400.0000,300.8708,-4.2000
6.89,2,400.0000,300.7848,-4.2000
6.9,2,400.0000,300.6989,-4.2000
6.91,2,400.0000,300.6129,-4.2000
6.92,2,400.0000,300.5270,-4.2000
6.93,2,400.0000,300.4410,-4.2000
6.94,2,400.0000,300.3551,-4.2000
6.95,2,400.0000,300.2691,-4.2000
6.96,2,400.0000,300.1832,-4.2000
6.96,3,200.0000,299.6336,-4.8000
6.97,2,400.0000,300.0973,-4.2000
6.97,3,200.0000,299.8055,-4.5000
6.98,2,400.0000,300.0113,-4.2000
6.98,3,200.0000,299.9774,-4.3000
6.99,2,400.0000,299.9254,-4.2000
6.99,3,200.0000,300.1492,-4.0000
7,2,400.0000,299.8394,-4.2000
7,3,200.0000,300.3211,-3.8000
7.01,2,400.0000,299.7535,-4.2000
7.01,3,200.0000,300.4930,-3.5000
7.02,2,400.0000,299.6675,-4.3000
7.02,3,200.0000,300.6649,-3.3000
7.03,2,400.0000,299.5816,-4.3000
7.03,3,200.0000,300.8368,-3.0000
7.04,2,400.0000,299.4957,-4.3000
7.04,3,200.0000,301.0087,-2.8000
7.05,2,400.0000,299.4097,-4.3000
7.05,3,200.0000,301.1806,-2.5000
7.06,2,400.0000,299.3238,-4.3000
7.06,3,200.0000,301.3525,-2.2000
7.07,2,400.0000,299.2378,-4.3000
7.07,3,200.0000,301.5243,-2.0000
7.08,2,400.0000,299.1519,-4.3000
7.08,3,200.0000,301.6962,-1.7000
7.09,2,400.0000,299.0659,-4.3000
7.09,3,200.0000,301.8681,-1.5000
7.1,2,400.0000,298.9800,-4.3000
7.1,3,200.0000,302.0400,-1.2000
7.11,2,400.0000,298.8941,-4.3000
7.11,3,200.0000,302.2119,-1.0000
7.12,2,400.0000,298.8081,-4.3000
7.12,3,200.0000,302.3838,-0.7000
7.13,2,400.0000,298.7222,-4.3000
7.13,3,200.0000,302.5557,-0.5000
7.14,2,400.0000,298.6362,-4.3000
7.14,3,200.0000,302.7276,-0.2000
7.15,2,400.0000,298.5503,-4.3000
7.15,3,200.0000,302.8994,0.0000
7.16,2,400.0000,298.4643,-4.3000
7.16,3,200.0000,303.0713,0.3000
7.17,2,400.0000,298.3784,-4.3000
7.17,3,200.0000,303.2432,0.5000
7.18,2,400.0000,298.2924,-4.3000
7.18,3,200.0000,303.4151,0.8000
7.19,2,400.0000,298.2065,-4.4000
7.19,3,200.0000,303.5870,1.0000
7.2,2,400.0000,298.1206,-4.4000
7.2,3,200.0000,303.7589,1.3000
7.21,2,400.0000,298.0346,-4.4000
7.21,3,200.0000,303.9308,1.5000
7.22,2,400.0000,297.9487,-4.4000
7.22,3,200.0000,304.1027,1.8000
7.23,2,400.0000,297.8627,-4.4000
7.23,3,200.0000,304.2745,2.0000
7.24,2,400.0000,297.7768,-4.4000
7.24,3,200.0000,304.4464,2.3000
7.25,2,400.0000,297.6908,-4.4000
7.25,3,200.0000,304.6183,2.5000
7.26,2,400.0000,297.6049,-4.4000
7.26,3,200.0000,304.7902,2.8000
7.27,2,400.0000,297.5190,-4.4000
7.27,3,200.0000,304.9621,3.0000
7.28,2,400.0000,297.4330,-4.4000
7.28,3,200.0000,305.1340,3.3000
7.29,2,400.0000,297.3471,-4.4000
7.29,3,200.0000,305.3059,3.5000
7.3,2,400.0000,297.2611,-4.4000
7.3,3,200.0000,305.4778,3.8000
7.31,2,400.0000,297.1752,-4.4000
7.31,3,200.0000,305.6496,4.0000
7.32,2,400.0000,297.0892,-4.4000
7.32,3,200.0000,305.8215,4.3000
7.33,2,400.0000,297.0033,-4.4000
7.33,3,200.0000,305.9934,4.6000
7.34,2,400.0000,296.9173,-4.4000
7.34,3,200.0000,306.1653,4.8000
7.35,2,400.0000,296.8314,-4.4000
7.36,2,400.0000,296.7455,-4.5000
7.37,2,400.0000,296.6595,-4.5000
7.38,2,400.0000,296.5736,-4.5000
7.39,2,400.0000,296.4876,-4.5000
7.4,2,400.0000,296.4017,-4.5000
7.41,2,400.0000,296.3157,-4.5000
7.42,2,400.0000,296.2298,-4.5000
7.43,2,400.0000,296.1439,-4.5000
7.44,2,400.0000,296.0579,-4.5000
7.45,2,400.0000,295.9720,-4.5000
7.46,2,400.0000,295.8860,-4.5000
7.47,2,400.0000,295.8001,-4.5000
7.48,2,400.0000,295.7141,-4.5000
7.49,2,400.0000,295.6282,-4.5000
7.5,2,400.0000,295.5422,-4.5000
7.51,2,400.0000,295.4563,-4.5000
7.52,2,400.0000,295.3704,-4.5000
7.53,2,400.0000,295.2844,-4.6000
7.54,2,400.0000,295.1985,-4.6000
7.55,2,400.0000,295.1125,-4.6000
7.56,2,400.0000,295.0266,-4.6000
7.57,2,400.0000,294.9406,-4.6000
7.58,2,400.0000,294.8547,-4.6000
7.59,2,400.0000,294.7688,-4.6000
7.6,2,400.0000,294.6828,-4.6000
7.61,2,400.0000,294.5969,-4.6000
7.62,2,400.0000,294.5109,-4.6000
7.63,2,400.0000,294.4250,-4.6000
7.64,2,400.0000,294.3390,-4.6000
7.65,2,400.0000,294.2531,-4.6000
7.65,4,725.4869,293.9062,-5.0000
7.66,2,400.0000,294.1671,-4.6000
7.66,4,726.6712,293.8665,-4.9000
7.67,2,400.0000,294.0812,-4.6000
7.67,4,727.8538,293.8272,-4.9000
7.68,2,400.0000,293.9953,-4.6000
7.68,4,729.0343,293.7885,-4.9000
7.69,2,400.0000,293.9093,-4.7000
7.69,4,730.2130,293.7502,-4.8000
7.7,2,400.0000,293.8234,-4.7000
7.7,4,731.3897,293.7125,-4.8000
7.71,2,400.0000,293.7374,-4.7000
7.71,4,732.5643,293.6751,-4.7000
7.72,2,400.0000,293.6515,-4.7000
7.72,4,733.7369,293.6383,-4.7000
7.73,2,400.0000,293.5655,-4.7000
7.73,4,734.9074,293.6020,-4.6000
7.74,2,400.0000,293.4796,-4.7000
7.74,4,736.0758,293.5661,-4.6000
7.75,2,400.0000,293.3937,-4.7000
7.75,4,737.2420,293.5306,-4.5000
7.76,2,400.0000,293.3077,-4.7000
7.76,4,738.4061,293.4957,-4.5000
7.77,2,400.0000,293.2218,-4.7000
7.77,4,739.5679,293.4612,-4.5000
7.78,2,400.0000,293.1358,-4.7000
7.78,4,740.7275,293.4271,-4.4000
7.79,2,400.0000,293.0499,-4.7000
7.79,4,741.8848,293.3935,-4.4000
7.8,2,400.0000,292.9639,-4.7000
7.8,4,743.0397,293.3603,-4.3000
7.81,2,400.0000,292.8780,-4.7000
7.81,4,744.1923,293.3276,-4.3000
7.82,2,400.0000,292.7921,-4.7000
7.82,4,745.3426,293.2953,-4.2000
7.83,2,400.0000,292.7061,-4.7000
7.83,4,746.4904,293.2635,-4.2000
7.84,2,400.0000,292.6202,-4.7000
7.84,4,747.6357,293.2321,-4.1000
7.85,2,400.0000,292.5342,-4.7000
7.85,4,748.7786,293.2012,-4.1000
7.86,2,400.0000,292.4483,-4.8000
7.86,4,749.9190,293.1706,-4.0000
7.87,2,400.0000,292.3623,-4.8000
7.87,4,751.0568,293.1405,-4.0000
7.88,2,400.0000,292.2764,-4.8000
7.88,4,752.1920,293.1109,-3.9000
7.89,2,400.0000,292.1904,-4.8000
7.89,4,753.3247,293.0816,-3.9000
7.9,2,400.0000,292.1045,-4.8000
7.9,4,754.4547,293.0528,-3.8000
7.91,2,400.0000,292.0186,-4.8000
7.91,4,755.5820,293.0243,-3.8000
7.92,2,400.0000,291.9326,-4.8000
7.92,4,756.7066,292.9963,-3.7000
7.93,2,400.0000,291.8467,-4.8000
7.93,4,757.8285,292.9687,-3.7000
7.94,2,400.0000,291.7607,-4.8000
7.94,4,758.9477,292.9416,-3.6000
7.95,2,400.0000,291.6748,-4.8000
7.95,4,760.0640,292.9148,-3.6000
7.96,2,400.0000,291.5888,-4.8000
7.96,4,761.1776,292.8884,-3.5000
7.97,2,400.0000,291.5029,-4.8000
7.97,4,762.2882,292.8624,-3.5000
7.98,2,400.0000,291.4170,-4.8000
7.98,4,763.3961,292.8368,-3.4000
7.99,2,400.0000,291.3310,-4.8000
7.99,4,764.5009,292.8116,-3.3000
8,2,400.0000,291.2451,-4.8000
8,4,765.6029,292.7868,-3.3000
8.01,2,400.0000,291.1591,-4.8000
8.01,4,766.7019,292.7624,-3.2000
8.02,2,400.0000,291.0732,-4.8000
8.02,4,767.7979,292.7384,-3.2000
8.03,2,400.0000,290.9872,-4.9000
8.03,4,768.8909,292.7148,-3.1000
8.04,2,400.0000,290.9013,-4.9000
8.04,4,769.9808,292.6915,-3.1000
8.05,2,400.0000,290.8153,-4.9000
8.05,4,771.0677,292.6686,-3.0000
8.06,2,400.0000,290.7294,-4.9000
8.06,4,772.1514,292.6461,-3.0000
8.07,2,400.0000,290.6435,-4.9000
8.07,4,773.2320,292.6240,-2.9000
8.08,2,400.0000,290.5575,-4.9000
8.08,4,774.3094,292.6022,-2.8000
8.09,2,400.0000,290.4716,-4.9000
8.09,4,775.3837,292.5808,-2.8000
8.1,2,400.0000,290.3856,-4.9000
8.1,4,776.4547,292.5598,-2.7000
8.11,2,400.0000,290.2997,-4.9000
8.11,4,777.5225,292.5391,-2.7000
8.12,2,400.0000,290.2137,-4.9000
8.12,4,778.5870,292.5188,-2.6000
8.13,2,400.0000,290.1278,-4.9000
8.13,4,779.6483,292.4988,-2.5000
8.14,2,400.0000,290.0419,-4.9000
8.14,4,780.7062,292.4792,-2.5000
8.15,2,400.0000,289.9559,-4.9000
8.15,4,781.7607,292.4599,-2.4000
8.16,2,400.0000,289.8700,-4.9000
8.16,4,782.8119,292.4410,-2.4000
8.17,2,400.0000,289.7840,-4.9000
8.17,4,783.8597,292.4225,-2.3000
8.18,2,400.0000,289.6981,-4.9000
8.18,4,784.9040,292.4043,-2.2000
8.19,2,400.0000,289.6121,-4.9000
8.19,4,785.9449,292.3864,-2.2000
8.2,2,400.0000,289.5262,-5.0000
8.2,4,786.9823,292.3689,-2.1000
8.21,2,400.0000,289.4402,-5.0000
8.21,4,788.0162,292.3517,-2.0000
8.22,2,400.0000,289.3543,-5.0000
8.22,4,789.0466,292.3348,-2.0000
8.23,2,400.0000,289.2684,-5.0000
8.23,4,790.0734,292.3183,-1.9000
8.24,2,400.0000,289.1824,-5.0000
8.24,4,791.0966,292.3021,-1.9000
8.25,2,400.0000,289.0965,-5.0000
8.25,4,792.1163,292.2862,-1.8000
8.26,2,400.0000,289.0105,-5.0000
8.26,4,793.1323,292.2707,-1.7000
8.27,2,400.0000,288.9246,-5.0000
8.27,4,794.1446,292.2554,-1.7000
8.28,4,795.1533,292.2405,-1.6000
8.29,4,796.1583,292.2259,-1.5000
8.3,4,797.1595,292.2116,-1.5000
8.31,4,798.1570,292.1977,-1.4000
8.32,4,799.1508,292.1840,-1.3000
8.33,4,800.1407,292.1707,-1.3000
8.34,4,801.1268,292.1576,-1.2000
8.35,4,802.1091,292.1449,-1.1000
8.36,4,803.0875,292.1325,-1.1000
8.37,4,804.0620,292.1203,-1.0000
8.38,4,805.0326,292.1085,-0.9000
8.39,4,805.9993,292.0969,-0.9000
8.4,4,806.9620,292.0857,-0.8000
8.41,4,807.9207,292.0747,-0.7000
8.42,4,808.8755,292.0640,-0.7000
8.43,4,809.8262,292.0536,-0.6000
8.44,4,810.7729,292.0435,-0.5000
8.45,4,811.7155,292.0337,-0.4000
8.46,4,812.6540,292.0241,-0.4000
8.47,4,813.5885,292.0149,-0.3000
8.48,4,814.5188,292.0059,-0.2000
8.49,4,815.4449,291.9971,-0.2000
8.5,4,816.3669,291.9887,-0.1000
8.51,4,817.2847,291.9805,0.0000
8.52,4,818.1982,291.9726,0.1000
8.53,4,819.1076,291.9649,0.1000
8.54,4,820.0127,291.9575,0.2000
8.55,4,820.9135,291.9504,0.3000
8.56,4,821.8100,291.9435,0.3000
8.57,4,822.7022,291.9368,0.4000
8.58,4,823.5901,291.9305,0.5000
8.59,4,824.4737,291.9243,0.6000
8.6,4,825.3528,291.9185,0.6000
8.61,4,826.2276,291.9128,0.7000
8.62,4,827.0980,291.9075,0.8000
8.63,4,827.9639,291.9023,0.9000
8.64,4,828.8255,291.8974,0.9000
8.65,4,829.6825,291.8928,1.0000
8.66,4,830.5351,291.8883,1.1000
8.67,4,831.3831,291.8841,1.2000
8.68,4,832.2266,291.8802,1.2000
8.69,4,833.0656,291.8765,1.3000
8.7,4,833.9001,291.8730,1.4000
8.71,4,834.7300,291.8697,1.5000
8.72,4,835.5553,291.8667,1.5000
8.73,4,836.3759,291.8638,1.6000
8.74,4,837.1920,291.8612,1.7000
8.75,4,838.0034,291.8589,1.8000
8.76,4,838.8101,291.8567,1.9000
8.77,4,839.6122,291.8548,1.9000
8.78,4,840.4096,291.8530,2.0000
8.79,4,841.2023,291.8515,2.1000
8.8,4,841.9902,291.8502,2.2000
8.81,4,842.7734,291.8491,2.2000
8.82,4,843.5519,291.8482,2.3000
8.83,4,844.3255,291.8475,2.4000
8.84,4,845.0944,291.8470,2.5000
8.85,4,845.8585,291.8468,2.6000
8.86,4,846.6177,291.8467,2.6000
8.87,4,847.3721,291.8468,2.7000
8.88,4,848.1217,291.8471,2.8000
8.89,4,848.8664,291.8476,2.9000
8.9,4,849.6062,291.8483,3.0000
8.91,4,850.3411,291.8492,3.0000
8.92,4,851.0710,291.8503,3.1000
8.93,4,851.7961,291.8515,3.2000
8.94,4,852.5162,291.8530,3.3000
8.95,4,853.2314,291.8546,3.4000
8.96,4,853.9415,291.8564,3.5000
8.97,4,854.6467,291.8584,3.5000
8.98,4,855.3469,291.8606,3.6000
8.99,4,856.0421,291.8629,3.7000
9,4,856.7322,291.8654,3.8000
9.01,4,857.4173,291.8681,3.9000
9.02,4,858.0974,291.8710,4.0000
9.03,4,858.7723,291.8740,4.0000
9.04,4,859.4422,291.8772,4.1000
9.05,4,860.1070,291.8806,4.2000
9.06,4,860.7667,291.8841,4.3000
9.07,4,861.4212,291.8878,4.4000
9.08,4,862.0706,291.8917,4.5000
9.09,4,862.7149,291.8957,4.5000
9.1,4,863.3540,291.8999,4.6000
9.11,4,863.9879,291.9042,4.7000
9.12,4,864.6166,291.9087,4.8000
9.13,4,865.2401,291.9134,4.9000
9.14,4,865.8585,291.9182,5.0000
16.27,1,282.8427,225.0000,-4.9000
16.28,1,282.8427,225.0000,-4.8000
16.29,1,282.8427,225.0000,-4.8000
16.3,1,282.8427,225.0000,-4.7000
16.31,1,282.8427,225.0000,-4.6000
16.32,1,282.8427,225.0000,-4.5000
16.33,1,282.8427,225.0000,-4.4000
16.34,1,282.8427,225.0000,-4.4000
16.35,1,282.8427,225.0000,-4.3000
16.36,1,282.8427,225.0000,-4.2000
16.37,1,282.8427,225.0000,-4.1000
16.38,1,282.8427,225.0000,-4.0000
16.39,1,282.8427,225.0000,-4.0000
16.4,1,282.8427,225.0000,-3.9000
16.41,1,282.8427,225.0000,-3.8000
16.42,1,282.8427,225.0000,-3.7000
16.43,1,282.8427,225.0000,-3.6000
16.44,1,282.8427,225.0000,-3.6000
16.45,1,282.8427,225.0000,-3.5000
16.46,1,282.8427,225.0000,-3.4000
16.47,1,282.8427,225.0000,-3.3000
16.48,1,282.8427,225.0000,-3.2000
16.49,1,282.8427,225.0000,-3.2000
16.5,1,282.8427,225.0000,-3.1000
16.51,1,282.8427,225.0000,-3.0000
16.52,1,282.8427,225.0000,-2.9000
16.53,1,282.8427,225.0000,-2.8000
16.54,1,282.8427,225.0000,-2.8000
16.55,1,282.8427,225.0000,-2.7000
16.56,1,282.8427,225.0000,-2.6000
16.57,1,282.8427,225.0000,-2.5000
16.58,1,282.8427,225.0000,-2.4000
16.59,1,282.8427,225.0000,-2.4000
16.6,1,282.8427,225.0000,-2.3000
16.61,1,282.8427,225.0000,-2.2000
16.62,1,282.8427,225.0000,-2.1000
16.63,1,282.8427,225.0000,-2.0000
16.64,1,282.8427,225.0000,-2.0000
16.65,1,282.8427,225.0000,-1.9000
16.66,1,282.8427,225.0000,-1.8000
16.67,1,282.8427,225.0000,-1.7000
16.68,1,282.8427,225.0000,-1.6000
16.69,1,282.8427,225.0000,-1.6000
16.7,1,282.8427,225.0000,-1.5000
16.71,1,282.8427,225.0000,-1.4000
16.72,1,282.8427,225.0000,-1.3000
16.73,1,282.8427,225.0000,-1.2000
16.74,1,282.8427,225.0000,-1.2000
16.75,1,282.8427,225.0000,-1.1000
16.76,1,282.8427,225.0000,-1.0000
16.77,1,282.8427,225.0000,-0.9000
16.78,1,282.8427,225.0000,-0.8000
16.79,1,282.8427,225.0000,-0.8000
16.8,1,282.8427,225.0000,-0.7000
16.81,1,282.8427,225.0000,-0.6000
16.82,1,282.8427,225.0000,-0.5000
16.83,1,282.8427,225.0000,-0.4000
16.84,1,282.8427,225.0000,-0.4000
16.85,1,282.8427,225.0000,-0.3000
16.86,1,282.8427,225.0000,-0.2000
16.87,1,282.8427,225.0000,-0.1000
16.88,1,282.8427,225.0000,0.0000
16.89,1,282.8427,225.0000,0.0000
16.9,1,282.8427,225.0000,0.1000
16.91,1,282.8427,225.0000,0.2000
16.92,1,282.8427,225.0000,0.3000
16.93,1,282.8427,225.0000,0.4000
16.94,1,282.8427,225.0000,0.4000
16.95,1,282.8427,225.0000,0.5000
16.96,1,282.8427,225.0000,0.6000
16.97,1,282.8427,225.0000,0.7000
16.98,1,282.8427,225.0000,0.8000
16.99,1,282.8427,225.0000,0.8000
17,1,282.8427,225.0000,0.9000
17.01,1,282.8427,225.0000,1.0000
17.02,1,282.8427,225.0000,1.1000
17.03,1,282.8427,225.0000,1.2000
17.04,1,282.8427,225.0000,1.2000
17.05,1,282.8427,225.0000,1.3000
17.06,1,282.8427,225.0000,1.4000
17.07,1,282.8427,225.0000,1.5000
17.08,1,282.8427,225.0000,1.6000
17.09,1,282.8427,225.0000,1.6000
17.1,1,282.8427,225.0000,1.7000
17.11,1,282.8427,225.0000,1.8000
17.12,1,282.8427,225.0000,1.9000
17.13,1,282.8427,225.0000,2.0000
17.14,1,282.8427,225.0000,2.0000
17.15,1,282.8427,225.0000,2.1000
17.16,1,282.8427,225.0000,2.2000
17.17,1,282.8427,225.0000,2.3000
17.18,1,282.8427,225.0000,2.4000
17.19,1,282.8427,225.0000,2.4000
17.2,1,282.8427,225.0000,2.5000
17.21,1,282.8427,225.0000,2.6000
17.22,1,282.8427,225.0000,2.7000
17.23,1,282.8427,225.0000,2.8000
17.24,1,282.8427,225.0000,2.8000
17.25,1,282.8427,225.0000,2.9000
17.26,1,282.8427,225.0000,3.0000
17.27,1,282.8427,225.0000,3.1000
17.28,1,282.8427,225.0000,3.2000
17.29,1,282.8427,225.0000,3.2000
17.3,1,282.8427,225.0000,3.3000
17.31,1,282.8427,225.0000,3.4000
17.32,1,282.8427,225.0000,3.5000
17.33,1,282.8427,225.0000,3.6000
17.34,1,282.8427,225.0000,3.6000
17.35,1,282.8427,225.0000,3.7000
17.36,1,282.8427,225.0000,3.8000
17.37,1,282.8427,225.0000,3.9000
17.38,1,282.8427,225.0000,4.0000
17.39,1,282.8427,225.0000,4.0000
17.4,1,282.8427,225.0000,4.1000
17.41,1,282.8427,225.0000,4.2000
17.42,1,282.8427,225.0000,4.3000
17.43,1,282.8427,225.0000,4.4000
17.44,1,282.8427,225.0000,4.4000
17.45,1,282.8427,225.0000,4.5000
17.46,1,282.8427,225.0000,4.6000
17.47,1,282.8427,225.0000,4.7000
17.48,1,282.8427,225.0000,4.8000
17.49,1,282.8427,225.0000,4.8000
17.5,1,282.8427,225.0000,4.9000
17.51,1,282.8427,225.0000,5.0000
21.25,3,200.0000,185.2606,-4.8000
21.26,3,200.0000,185.4325,-4.6000
21.27,3,200.0000,185.6044,-4.3000
21.28,3,200.0000,185.7763,-4.1000
21.29,3,200.0000,185.9481,-3.8000
21.3,3,200.0000,186.1200,-3.6000
21.31,3,200.0000,186.2919,-3.3000
21.32,3,200.0000,186.4638,-3.1000
21.33,3,200.0000,186.6357,-2.8000
21.34,3,200.0000,186.8076,-2.6000
21.35,3,200.0000,186.9795,-2.3000
21.36,3,200.0000,187.1514,-2.0000
21.37,3,200.0000,187.3232,-1.8000
21.38,3,200.0000,187.4951,-1.5000
21.39,3,200.0000,187.6670,-1.3000
21.4,3,200.0000,187.8389,-1.0000
21.41,3,200.0000,188.0108,-0.8000
21.42,3,200.0000,188.1827,-0.5000
21.43,3,200.0000,188.3546,-0.3000
21.44,3,200.0000,188.5265,0.0000
21.45,3,200.0000,188.6983,0.2000
21.46,3,200.0000,188.8702,0.5000
21.47,3,200.0000,189.0421,0.7000
21.48,3,200.0000,189.2140,1.0000
21.49,3,200.0000,189.3859,1.2000
21.5,3,200.0000,189.5578,1.5000
21.51,3,200.0000,189.7297,1.7000
21.52,3,200.0000,189.9016,2.0000
21.53,3,200.0000,190.0734,2.2000
21.54,3,200.0000,190.2453,2.5000
21.55,3,200.0000,190.4172,2.7000
21.56,3,200.0000,190.5891,3.0000
21.57,3,200.0000,190.7610,3.2000
21.58,3,200.0000,190.9329,3.5000
21.59,3,200.0000,191.1048,3.7000
21.6,3,200.0000,191.2767,4.0000
21.61,3,200.0000,191.4485,4.2000
21.62,3,200.0000,191.6204,4.5000
21.63,3,200.0000,191.7923,4.8000
35.54,3,200.0000,70.8876,-4.9000
35.55,3,200.0000,71.0595,-4.6000
35.56,3,200.0000,71.2314,-4.4000
35.57,3,200.0000,71.4033,-4.1000
35.58,3,200.0000,71.5752,-3.9000
35.59,3,200.0000,71.7470,-3.6000
35.6,3,200.0000,71.9189,-3.4000
35.61,3,200.0000,72.0908,-3.1000
35.62,3,200.0000,72.2627,-2.9000
35.63,3,200.0000,72.4346,-2.6000
35.64,3,200.0000,72.6065,-2.4000
35.65,3,200.0000,72.7784,-2.1000
35.66,3,200.0000,72.9502,-1.8000
35.67,3,200.0000,73.1221,-1.6000
35.68,3,200.0000,73.2940,-1.3000
35.69,3,200.0000,73.4659,-1.1000
35.7,3,200.0000,73.6378,-0.8000
35.71,3,200.0000,73.8097,-0.6000
35.72,3,200.0000,73.9816,-0.3000
35.73,3,200.0000,74.1535,-0.1000
35.74,3,200.0000,74.3253,0.2000
35.75,3,200.0000,74.4972,0.4000
35.76,3,200.0000,74.6691,0.7000
35.77,3,200.0000,74.8410,0.9000
35.78,3,200.0000,75.0129,1.2000
35.79,3,200.0000,75.1848,1.4000
35.8,3,200.0000,75.3567,1.7000
35.81,3,200.0000,75.5286,1.9000
35.82,3,200.0000,75.7004,2.2000
35.83,3,200.0000,75.8723,2.4000
35.84,3,200.0000,76.0442,2.7000
35.85,3,200.0000,76.2161,2.9000
35.86,3,200.0000,76.3880,3.2000
35.87,3,200.0000,76.5599,3.4000
35.88,3,200.0000,76.7318,3.7000
35.89,3,200.0000,76.9037,3.9000
35.9,3,200.0000,77.0755,4.2000
35.91,3,200.0000,77.2474,4.4000
35.92,3,200.0000,77.4193,4.7000
35.93,3,200.0000,77.5912,5.0000
38.77,0,282.8427,45.0000,-4.9000
38.78,0,282.8427,45.0000,-4.8000
38.79,0,282.8427,45.0000,-4.8000
38.8,0,282.8427,45.0000,-4.7000
38.81,0,282.8427,45.0000,-4.6000
38.82,0,282.8427,45.0000,-4.5000
38.83,0,282.8427,45.0000,-4.4000
38.84,0,282.8427,45.0000,-4.4000
38.85,0,282.8427,45.0000,-4.3000
38.86,0,282.8427,45.0000,-4.2000
38.87,0,282.8427,45.0000,-4.1000
38.88,0,282.8427,45.0000,-4.0000
38.89,0,282.8427,45.0000,-4.0000
38.9,0,282.8427,45.0000,-3.9000
38.91,0,282.8427,45.0000,-3.8000
38.92,0,282.8427,45.0000,-3.7000
38.93,0,282.8427,45.0000,-3.6000
38.94,0,282.8427,45.0000,-3.6000
38.95,0,282.8427,45.0000,-3.5000
38.96,0,282.8427,45.0000,-3.4000
38.97,0,282.8427,45.0000,-3.3000
38.98,0,282.8427,45.0000,-3.2000
38.99,0,282.8427,45.0000,-3.2000
39,0,282.8427,45.0000,-3.1000
39.01,0,282.8427,45.0000,-3.0000
39.02,0,282.8427,45.0000,-2.9000
39.03,0,282.8427,45.0000,-2.8000
39.04,0,282.8427,45.0000,-2.8000
39.05,0,282.8427,45.0000,-2.7000
39.06,0,282.8427,45.0000,-2.6000
39.07,0,282.8427,45.0000,-2.5000
39.08,0,282.8427,45.0000,-2.4000
39.09,0,282.8427,45.0000,-2.4000
39.1,0,282.8427,45.0000,-2.3000
39.11,0,282.8427,45.0000,-2.2000
39.12,0,282.8427,45.0000,-2.1000
39.13,0,282.8427,45.0000,-2.0000
39.14,0,282.8427,45.0000,-2.0000
39.15,0,282.8427,45.0000,-1.9000
39.16,0,282.8427,45.0000,-1.8000
39.17,0,282.8427,45.0000,-1.7000
39.18,0,282.8427,45.0000,-1.6000
39.19,0,282.8427,45.0000,-1.6000
39.2,0,282.8427,45.0000,-1.5000
39.21,0,282.8427,45.0000,-1.4000
39.22,0,282.8427,45.0000,-1.3000
39.23,0,282.8427,45.0000,-1.2000
39.24,0,282.8427,45.0000,-1.2000
39.25,0,282.8427,45.0000,-1.1000
39.26,0,282.8427,45.0000,-1.0000
39.27,0,282.8427,45.0000,-0.9000
39.28,0,282.8427,45.0000,-0.8000
39.29,0,282.8427,45.0000,-0.8000
39.3,0,282.8427,45.0000,-0.7000
39.31,0,282.8427,45.0000,-0.6000
39.32,0,282.8427,45.0000,-0.5000
39.33,0,282.8427,45.0000,-0.4000
39.34,0,282.8427,45.0000,-0.4000
39.35,0,282.8427,45.0000,-0.3000
39.36,0,282.8427,45.0000,-0.2000
39.37,0,282.8427,45.0000,-0.1000
39.38,0,282.8427,45.0000,0.0000
39.39,0,282.8427,45.0000,0.0000
39.4,0,282.8427,45.0000,0.1000
39.41,0,282.8427,45.0000,0.2000
39.42,0,282.8427,45.0000,0.3000
39.43,0,282.8427,45.0000,0.4000
39.44,0,282.8427,45.0000,0.4000
39.45,0,282.8427,45.0000,0.5000
39.46,0,282.8427,45.0000,0.6000
39.47,0,282.8427,45.0000,0.7000
39.48,0,282.8427,45.0000,0.8000
39.49,0,282.8427,45.0000,0.8000
39.5,0,282.8427,45.0000,0.9000
39.51,0,282.8427,45.0000,1.0000
39.52,0,282.8427,45.0000,1.1000
39.53,0,282.8427,45.0000,1.2000
39.54,0,282.8427,45.0000,1.2000
39.55,0,282.8427,45.0000,1.3000
39.56,0,282.8427,45.0000,1.4000
39.57,0,282.8427,45.0000,1.5000
39.58,0,282.8427,45.0000,1.6000
39.59,0,282.8427,45.0000,1.6000
39.6,0,282.8427,45.0000,1.7000
39.61,0,282.8427,45.0000,1.8000
39.62,0,282.8427,45.0000,1.9000
39.63,0,282.8427,45.0000,2.0000
39.64,0,282.8427,45.0000,2.0000
39.65,0,282.8427,45.0000,2.1000
39.66,0,282.8427,45.0000,2.2000
39.67,0,282.8427,45.0000,2.3000
39.68,0,282.8427,45.0000,2.4000
39.69,0,282.8427,45.0000,2.4000
39.7,0,282.8427,45.0000,2.5000
39.71,0,282.8427,45.0000,2.6000
39.72,0,282.8427,45.0000,2.7000
39.73,0,282.8427,45.0000,2.8000
39.74,0,282.8427,45.0000,2.8000
39.75,0,282.8427,45.0000,2.9000
39.76,0,282.8427,45.0000,3.0000
39.77,0,282.8427,45.0000,3.1000
39.78,0,282.8427,45.0000,3.2000
39.79,0,282.8427,45.0000,3.2000
39.8,0,282.8427,45.0000,3.3000
39.81,0,282.8427,45.0000,3.4000
39.82,0,282.8427,45.0000,3.5000
39.83,0,282.8427,45.0000,3.6000
39.84,0,282.8427,45.0000,3.6000
39.85,0,282.8427,45.0000,3.7000
39.86,0,282.8427,45.0000,3.8000
39.87,0,282.8427,45.0000,3.9000
39.88,0,282.8427,45.0000,4.0000
39.89,0,282.8427,45.0000,4.0000
39.9,0,282.8427,45.0000,4.1000
39.91,0,282.8427,45.0000,4.2000
39.92,0,282.8427,45.0000,4.3000
39.93,0,282.8427,45.0000,4.4000
39.94,0,282.8427,45.0000,4.4000
39.95,0,282.8427,45.0000,4.5000
39.96,0,282.8427,45.0000,4.6000
39.97,0,282.8427,45.0000,4.7000
39.98,0,282.8427,45.0000,4.8000
39.99,0,282.8427,45.0000,4.8000
40,0,282.8427,45.0000,4.9000
40.01,0,282.8427,45.0000,5.0000
47.72,5,622.4089,343.3105,5.0000
47.73,5,622.1518,343.2187,5.0000
47.74,5,621.8928,343.1268,5.0000
47.75,5,621.6320,343.0349,5.0000
47.76,5,621.3694,342.9430,4.9000
47.77,5,621.1050,342.8510,4.9000
47.78,5,620.8387,342.7590,4.9000
47.79,5,620.5707,342.6669,4.9000
47.8,5,620.3008,342.5748,4.9000
47.81,5,620.0291,342.4827,4.9000
47.82,5,619.7556,342.3905,4.9000
47.83,5,619.4803,342.2983,4.9000
47.84,5,619.2032,342.2061,4.8000
47.85,5,618.9243,342.1138,4.8000
47.86,5,618.6436,342.0215,4.8000
47.87,5,618.3611,341.9291,4.8000
47.88,5,618.0768,341.8367,4.8000
47.89,5,617.7907,341.7443,4.8000
47.9,5,617.5027,341.6518,4.8000
47.91,5,617.2130,341.5593,4.8000
47.92,5,616.9215,341.4668,4.7000
47.93,5,616.6282,341.3742,4.7000
47.94,5,616.3331,341.2815,4.7000
47.95,5,616.0362,341.1888,4.7000
47.96,5,615.7376,341.0961,4.7000
47.97,5,615.4371,341.0034,4.7000
47.98,5,615.1349,340.9106,4.7000
47.99,5,614.8308,340.8177,4.7000
48,5,614.5250,340.7248,4.6000
48.01,5,614.2174,340.6319,4.6000
48.02,5,613.9080,340.5389,4.6000
48.03,5,613.5969,340.4459,4.6000
48.04,5,613.2840,340.3528,4.6000
48.05,5,612.9693,340.2597,4.6000
48.06,5,612.6528,340.1665,4.6000
48.07,5,612.3345,340.0733,4.6000
48.08,5,612.0145,339.9801,4.5000
48.09,5,611.6927,339.8868,4.5000
48.1,5,611.3692,339.7935,4.5000
48.11,5,611.0439,339.7001,4.5000
48.12,5,610.7168,339.6066,4.5000
48.13,5,610.3879,339.5132,4.5000
48.14,5,610.0573,339.4196,4.5000
48.15,5,609.7250,339.3261,4.4000
48.16,5,609.3909,339.2324,4.4000
48.17,5,609.0550,339.1388,4.4000
48.18,5,608.7174,339.0450,4.4000
48.19,5,608.3780,338.9513,4.4000
48.2,5,608.0369,338.8574,4.4000
48.21,5,607.6940,338.7636,4.4000
48.22,5,607.3494,338.6697,4.3000
48.23,5,607.0030,338.5757,4.3000
48.24,5,606.6549,338.4817,4.3000
48.25,5,606.3051,338.3876,4.3000
48.26,5,605.9535,338.2935,4.3000
48.27,5,605.6002,338.1993,4.3000
48.28,5,605.2451,338.1051,4.3000
48.29,5,604.8883,338.0108,4.3000
48.3,5,604.5298,337.9164,4.2000
48.31,5,604.1696,337.8221,4.2000
48.32,5,603.8076,337.7276,4.2000
48.33,5,603.4439,337.6331,4.2000
48.34,5,603.0785,337.5386,4.2000
48.35,5,602.7114,337.4440,4.2000
48.36,5,602.3425,337.3493,4.1000
48.37,5,601.9719,337.2546,4.1000
48.38,5,601.5996,337.1598,4.1000
48.39,5,601.2256,337.0650,4.1000
48.4,5,600.8499,336.9701,4.1000
48.41,5,600.4725,336.8752,4.1000
48.42,5,600.0934,336.7802,4.1000
48.43,5,599.7125,336.6851,4.0000
48.44,5,599.3300,336.5900,4.0000
48.45,5,598.9458,336.4948,4.0000
48.46,5,598.5598,336.3996,4.0000
48.47,5,598.1722,336.3043,4.0000
48.48,5,597.7829,336.2089,4.0000
48.49,5,597.3918,336.1135,4.0000
48.5,5,596.9991,336.0181,3.9000
48.51,5,596.6047,335.9225,3.9000
48.52,5,596.2087,335.8269,3.9000
48.53,5,595.8109,335.7313,3.9000
48.54,5,595.4114,335.6356,3.9000
48.55,5,595.0103,335.5398,3.9000
48.56,5,594.6075,335.4440,3.8000
48.57,5,594.2030,335.3481,3.8000
48.58,5,593.7968,335.2521,3.8000
48.59,5,593.3890,335.1561,3.8000
48.6,5,592.9795,335.0600,3.8000
48.61,5,592.5684,334.9638,3.8000
48.62,5,592.1555,334.8676,3.7000
48.63,5,591.7410,334.7713,3.7000
48.64,5,591.3249,334.6749,3.7000
48.65,5,590.9071,334.5785,3.7000
48.66,5,590.4876,334.4820,3.7000
48.67,5,590.0665,334.3855,3.7000
48.68,5,589.6437,334.2888,3.6000
48.69,5,589.2193,334.1922,3.6000
48.7,5,588.7933,334.0954,3.6000
48.71,5,588.3655,333.9986,3.6000
48.72,5,587.9362,333.9017,3.6000
48.73,5,587.5052,333.8047,3.6000
48.74,5,587.0726,333.7077,3.5000
48.75,5,586.6383,333.6106,3.5000
48.76,5,586.2025,333.5134,3.5000
48.77,5,585.7649,333.4161,3.5000
48.78,5,585.3258,333.3188,3.5000
48.79,5,584.8850,333.2214,3.5000
48.8,5,584.4426,333.1240,3.4000
48.81,5,583.9986,333.0264,3.4000
48.82,5,583.5530,332.9288,3.4000
48.83,5,583.1058,332.8311,3.4000
48.84,5,582.6569,332.7334,3.4000
48.85,5,582.2065,332.6356,3.4000
48.86,5,581.7544,332.5377,3.3000
48.87,5,581.3007,332.4397,3.3000
48.88,5,580.8455,332.3416,3.3000
48.89,5,580.3886,332.2435,3.3000
48.9,5,579.9301,332.1453,3.3000
48.91,5,579.4701,332.0470,3.2000
48.92,5,579.0084,331.9486,3.2000
48.93,5,578.5452,331.8502,3.2000
48.94,5,578.0803,331.7516,3.2000
48.95,5,577.6139,331.6530,3.2000
48.96,5,577.1459,331.5544,3.2000
48.97,5,576.6763,331.4556,3.1000
48.98,5,576.2052,331.3568,3.1000
48.99,5,575.7325,331.2578,3.1000
49,5,575.2582,331.1588,3.1000
49.01,5,574.7823,331.0598,3.1000
49.02,5,574.3049,330.9606,3.0000
49.03,5,573.8259,330.8613,3.0000
49.04,5,573.3454,330.7620,3.0000
49.05,5,572.8633,330.6626,3.0000
49.06,5,572.3796,330.5631,3.0000
49.07,5,571.8944,330.4635,2.9000
49.08,5,571.4077,330.3638,2.9000
49.09,5,570.9194,330.2641,2.9000
49.1,5,570.4295,330.1642,2.9000
49.11,5,569.9381,330.0643,2.9000
49.12,5,569.4452,329.9643,2.8000
49.13,5,568.9508,329.8642,2.8000
49.14,5,568.4548,329.7640,2.8000
49.15,5,567.9573,329.6637,2.8000
49.16,5,567.4582,329.5633,2.8000
49.17,5,566.9577,329.4629,2.7000
49.18,5,566.4556,329.3623,2.7000
49.19,5,565.9520,329.2617,2.7000
49.2,5,565.4469,329.1609,2.7000
49.21,5,564.9403,329.0601,2.7000
49.22,5,564.4321,328.9592,2.6000
49.23,5,563.9225,328.8582,2.6000
49.24,5,563.4114,328.7571,2.6000
49.25,5,562.8987,328.6559,2.6000
49.26,5,562.3846,328.5546,2.6000
49.27,5,561.8690,328.4532,2.5000
49.28,5,561.3519,328.3517,2.5000
49.29,5,560.8333,328.2501,2.5000
49.3,5,560.3132,328.1484,2.5000
49.31,5,559.7916,328.0467,2.4000
49.32,5,559.2686,327.9448,2.4000
49.33,5,558.7441,327.8428,2.4000
49.34,5,558.2181,327.7408,2.4000
49.35,5,557.6907,327.6386,2.4000
49.36,5,557.1617,327.5363,2.3000
49.37,5,556.6314,327.4340,2.3000
49.38,5,556.0995,327.3315,2.3000
49.39,5,555.5662,327.2289,2.3000
49.4,5,555.0315,327.1263,2.2000
49.41,5,554.4953,327.0235,2.2000
49.42,5,553.9577,326.9206,2.2000
49.43,5,553.4186,326.8176,2.2000
49.44,5,552.8781,326.7145,2.2000
49.45,5,552.3361,326.6114,2.1000
49.46,5,551.7928,326.5081,2.1000
49.47,5,551.2480,326.4047,2.1000
49.48,5,550.7017,326.3011,2.1000
49.49,5,550.1541,326.1975,2.0000
49.5,5,549.6050,326.0938,2.0000
49.51,5,549.0545,325.9900,2.0000
49.52,5,548.5026,325.8860,2.0000
49.53,5,547.9493,325.7820,1.9000
49.54,5,547.3946,325.6778,1.9000
49.55,5,546.8384,325.5735,1.9000
49.56,5,546.2809,325.4691,1.9000
49.57,5,545.7220,325.3646,1.8000
49.58,5,545.1617,325.2600,1.8000
49.59,5,544.6000,325.1553,1.8000
49.6,5,544.0369,325.0505,1.8000
49.61,5,543.4725,324.9455,1.7000
49.62,5,542.9066,324.8404,1.7000
49.63,5,542.3394,324.7353,1.7000
49.64,5,541.7709,324.6300,1.7000
49.65,5,541.2009,324.5245,1.6000
49.66,5,540.6296,324.4190,1.6000
49.67,5,540.0570,324.3133,1.6000
49.68,5,539.4829,324.2076,1.6000
49.69,5,538.9076,324.1017,1.5000
49.7,5,538.3308,323.9957,1.5000
49.71,5,537.7528,323.8895,1.5000
49.72,5,537.1734,323.7833,1.5000
49.73,5,536.5926,323.6769,1.4000
49.74,5,536.0106,323.5704,1.4000
49.75,5,535.4271,323.4637,1.4000
49.76,5,534.8424,323.3570,1.4000
49.77,5,534.2564,323.2501,1.3000
49.78,5,533.6690,323.1431,1.3000
49.79,5,533.0803,323.0360,1.3000
49.8,5,532.4903,322.9287,1.2000
49.81,5,531.8990,322.8213,1.2000
49.82,5,531.3064,322.7138,1.2000
49.83,3,200.0000,316.5146,-4.9000
49.83,5,530.7125,322.6061,1.2000
49.84,3,200.0000,316.6865,-4.7000
49.84,5,530.1173,322.4984,1.1000
49.85,3,200.0000,316.8584,-4.4000
49.85,5,529.5208,322.3904,1.1000
49.86,3,200.0000,317.0303,-4.2000
49.86,5,528.9230,322.2824,1.1000
49.87,3,200.0000,317.2022,-3.9000
49.87,5,528.3240,322.1742,1.1000
49.88,3,200.0000,317.3740,-3.7000
49.88,5,527.7236,322.0659,1.0000
49.89,3,200.0000,317.5459,-3.4000
49.89,5,527.1220,321.9575,1.0000
49.9,3,200.0000,317.7178,-3.2000
49.9,5,526.5191,321.8489,1.0000
49.91,3,200.0000,317.8897,-2.9000
49.91,5,525.9150,321.7402,0.9000
49.92,3,200.0000,318.0616,-2.7000
49.92,5,525.3096,321.6313,0.9000
49.93,3,200.0000,318.2335,-2.4000
49.93,5,524.7029,321.5224,0.9000
49.94,3,200.0000,318.4054,-2.2000
49.94,5,524.0949,321.4132,0.9000
49.95,3,200.0000,318.5773,-1.9000
49.95,5,523.4858,321.3040,0.8000
49.96,3,200.0000,318.7491,-1.7000
49.96,5,522.8753,321.1946,0.8000
49.97,3,200.0000,318.9210,-1.4000
49.97,5,522.2637,321.0850,0.8000
49.98,3,200.0000,319.0929,-1.1000
49.98,5,521.6507,320.9753,0.7000
49.99,3,200.0000,319.2648,-0.9000
49.99,5,521.0366,320.8655,0.7000
50,3,200.0000,319.4367,-0.6000
50,5,520.4212,320.7555,0.7000
50.01,3,200.0000,319.6086,-0.4000
50.01,5,519.8046,320.6454,0.6000
50.02,3,200.0000,319.7805,-0.1000
50.02,5,519.1868,320.5352,0.6000
50.03,3,200.0000,319.9524,0.1000
50.03,5,518.5678,320.4248,0.6000
50.04,3,200.0000,320.1242,0.4000
50.04,5,517.9475,320.3142,0.6000
50.05,3,200.0000,320.2961,0.6000
50.05,5,517.3260,320.2035,0.5000
50.06,3,200.0000,320.4680,0.9000
50.06,5,516.7034,320.0927,0.5000
50.07,3,200.0000,320.6399,1.1000
50.07,5,516.0795,319.9817,0.5000
50.08,3,200.0000,320.8118,1.4000
50.08,5,515.4544,319.8706,0.4000
50.09,3,200.0000,320.9837,1.6000
50.09,5,514.8282,319.7593,0.4000
50.1,3,200.0000,321.1556,1.9000
50.1,5,514.2007,319.6478,0.4000
50.11,3,200.0000,321.3275,2.1000
50.11,5,513.5721,319.5363,0.3000
50.12,3,200.0000,321.4993,2.4000
50.12,5,512.9423,319.4245,0.3000
50.13,3,200.0000,321.6712,2.6000
50.13,5,512.3113,319.3126,0.3000
50.14,3,200.0000,321.8431,2.9000
50.14,5,511.6792,319.2006,0.2000
50.15,3,200.0000,322.0150,3.1000
50.15,5,511.0458,319.0884,0.2000
50.16,3,200.0000,322.1869,3.4000
50.16,5,510.4114,318.9760,0.2000
50.17,3,200.0000,322.3588,3.6000
50.17,5,509.7757,318.8635,0.1000
50.18,3,200.0000,322.5307,3.9000
50.18,5,509.1389,318.7508,0.1000
50.19,3,200.0000,322.7026,4.1000
50.19,5,508.5010,318.6380,0.1000
50.2,3,200.0000,322.8744,4.4000
50.2,5,507.8619,318.5250,0.0000
50.21,3,200.0000,323.0463,4.6000
50.21,5,507.2217,318.4118,0.0000
50.22,3,200.0000,323.2182,4.9000
50.22,5,506.5804,318.2985,0.0000
50.23,5,505.9379,318.1850,-0.1000
50.24,5,505.2943,318.0714,-0.1000
50.25,5,504.6496,317.9576,-0.1000
50.26,5,504.0037,317.8436,-0.2000
50.27,5,503.3568,317.7295,-0.2000
50.28,5,502.7087,317.6152,-0.2000
50.29,5,502.0596,317.5007,-0.3000
50.3,5,501.4093,317.3861,-0.3000
50.31,5,500.7580,317.2713,-0.3000
50.32,5,500.1055,317.1563,-0.4000
50.33,5,499.4520,317.0412,-0.4000
50.34,5,498.7974,316.9259,-0.4000
50.35,5,498.1418,316.8104,-0.5000
50.36,5,497.4851,316.6947,-0.5000
50.37,5,496.8273,316.5789,-0.5000
50.38,5,496.1684,316.4629,-0.6000
50.39,5,495.5085,316.3467,-0.6000
50.4,5,494.8476,316.2303,-0.6000
50.41,5,494.1856,316.1137,-0.7000
50.42,5,493.5226,315.9970,-0.7000
50.43,5,492.8585,315.8801,-0.8000
50.44,5,492.1934,315.7630,-0.8000
50.45,5,491.5273,315.6457,-0.8000
50.46,5,490.8602,315.5283,-0.9000
50.47,5,490.1920,315.4106,-0.9000
50.48,5,489.5229,315.2928,-0.9000
50.49,5,488.8527,315.1748,-1.0000
50.5,5,488.1816,315.0566,-1.0000
50.51,5,487.5095,314.9382,-1.1000
50.52,5,486.8363,314.8196,-1.1000
50.53,5,486.1622,314.7008,-1.1000
50.54,5,485.4872,314.5818,-1.2000
50.55,5,484.8111,314.4627,-1.2000
50.56,5,484.1341,314.3433,-1.3000
50.57,5,483.4561,314.2237,-1.3000
50.58,5,482.7772,314.1040,-1.3000
50.59,5,482.0973,313.9840,-1.4000
50.6,5,481.4165,313.8639,-1.4000
50.61,5,480.7348,313.7435,-1.5000
50.62,5,480.0521,313.6230,-1.5000
50.63,5,479.3685,313.5022,-1.5000
50.64,5,478.6839,313.3813,-1.6000
50.65,5,477.9985,313.2601,-1.6000
50.66,5,477.3121,313.1387,-1.7000
50.67,5,476.6249,313.0172,-1.7000
50.68,5,475.9367,312.8954,-1.7000
50.69,5,475.2477,312.7734,-1.8000
50.7,5,474.5577,312.6512,-1.8000
50.71,5,473.8669,312.5288,-1.9000
50.72,5,473.1752,312.4061,-1.9000
50.73,5,472.4826,312.2833,-2.0000
50.74,5,471.7892,312.1602,-2.0000
50.75,5,471.0949,312.0370,-2.0000
50.76,5,470.3998,311.9135,-2.1000
50.77,5,469.7038,311.7897,-2.1000
50.78,5,469.0069,311.6658,-2.2000
50.79,5,468.3093,311.5417,-2.2000
50.8,5,467.6108,311.4173,-2.3000
50.81,5,466.9115,311.2927,-2.3000
50.82,5,466.2113,311.1678,-2.4000
50.83,5,465.5104,311.0428,-2.4000
50.84,5,464.8086,310.9175,-2.4000
50.85,5,464.1061,310.7920,-2.5000
50.86,5,463.4028,310.6663,-2.5000
50.87,5,462.6986,310.5403,-2.6000
50.88,5,461.9937,310.4141,-2.6000
50.89,5,461.2880,310.2876,-2.7000
50.9,5,460.5816,310.1609,-2.7000
50.91,5,459.8744,310.0340,-2.8000
50.92,5,459.1664,309.9069,-2.8000
50.93,5,458.4577,309.7795,-2.9000
50.94,5,457.7483,309.6518,-2.9000
50.95,5,457.0381,309.5240,-3.0000
50.96,5,456.3272,309.3958,-3.0000
50.97,5,455.6155,309.2675,-3.1000
50.98,5,454.9032,309.1389,-3.1000
50.99,5,454.1901,309.0100,-3.2000
51,5,453.4763,308.8809,-3.2000
51.01,5,452.7619,308.7515,-3.2000
51.02,5,452.0467,308.6219,-3.3000
51.03,5,451.3309,308.4920,-3.3000
51.04,5,450.6144,308.3619,-3.4000
51.05,5,449.8972,308.2315,-3.4000
51.06,5,449.1794,308.1009,-3.5000
51.07,5,448.4609,307.9700,-3.6000
51.08,5,447.7417,307.8388,-3.6000
51.09,5,447.0219,307.7074,-3.7000
51.1,5,446.3015,307.5757,-3.7000
51.11,5,445.5804,307.4437,-3.8000
51.12,5,444.8588,307.3115,-3.8000
51.13,5,444.1365,307.1790,-3.9000
51.14,5,443.4136,307.0462,-3.9000
51.15,5,442.6901,306.9132,-4.0000
51.16,5,441.9660,306.7799,-4.0000
51.17,5,441.2413,306.6463,-4.1000
51.18,5,440.5160,306.5125,-4.1000
51.19,5,439.7902,306.3783,-4.2000
51.2,5,439.0638,306.2439,-4.2000
51.21,5,438.3369,306.1092,-4.3000
51.22,5,437.6094,305.9742,-4.3000
51.23,5,436.8813,305.8389,-4.4000
51.24,5,436.1528,305.7034,-4.5000
51.25,5,435.4237,305.5675,-4.5000
51.26,5,434.6940,305.4314,-4.6000
51.27,5,433.9639,305.2950,-4.6000
51.28,5,433.2333,305.1583,-4.7000
51.29,5,432.5021,305.0212,-4.7000
51.3,5,431.7705,304.8839,-4.8000
51.31,5,431.0384,304.7463,-4.9000
51.32,5,430.3058,304.6084,-4.9000
51.33,5,429.5728,304.4702,-5.0000
61.27,1,282.8427,225.0000,-4.9000
61.28,1,282.8427,225.0000,-4.8000
61.29,1,282.8427,225.0000,-4.8000
61.3,1,282.8427,225.0000,-4.7000
61.31,1,282.8427,225.0000,-4.6000
61.32,1,282.8427,225.0000,-4.5000
61.33,1,282.8427,225.0000,-4.4000
61.34,1,282.8427,225.0000,-4.4000
61.35,1,282.8427,225.0000,-4.3000
61.36,1,282.8427,225.0000,-4.2000
61.37,1,282.8427,225.0000,-4.1000
61.38,1,282.8427,225.0000,-4.0000
61.39,1,282.8427,225.0000,-4.0000
61.4,1,282.8427,225.0000,-3.9000
61.41,1,282.8427,225.0000,-3.8000
61.42,1,282.8427,225.0000,-3.7000
61.43,1,282.8427,225.0000,-3.6000
61.44,1,282.8427,225.0000,-3.6000
61.45,1,282.8427,225.0000,-3.5000
61.46,1,282.8427,225.0000,-3.4000
61.47,1,282.8427,225.0000,-3.3000
61.48,1,282.8427,225.0000,-3.2000
61.49,1,282.8427,225.0000,-3.2000
61.5,1,282.8427,225.0000,-3.1000
61.51,1,282.8427,225.0000,-3.0000
61.52,1,282.8427,225.0000,-2.9000
61.53,1,282.8427,225.0000,-2.8000
61.54,1,282.8427,225.0000,-2.8000
61.55,1,282.8427,225.0000,-2.7000
61.56,1,282.8427,225.0000,-2.6000
61.57,1,282.8427,225.0000,-2.5000
61.58,1,282.8427,225.0000,-2.4000
61.59,1,282.8427,225.0000,-2.4000
61.6,1,282.8427,225.0000,-2.3000
61.61,1,282.8427,225.0000,-2.2000
61.62,1,282.8427,225.0000,-2.1000
61.63,1,282.8427,225.0000,-2.0000
61.64,1,282.8427,225.0000,-2.0000
61.65,1,282.8427,225.0000,-1.9000
61.66,1,282.8427,225.0000,-1.8000
61.67,1,282.8427,225.0000,-1.7000
61.68,1,282.8427,225.0000,-1.6000
61.69,1,282.8427,225.0000,-1.6000
61.7,1,282.8427,225.0000,-1.5000
61.71,1,282.8427,225.0000,-1.4000
61.72,1,282.8427,225.0000,-1.3000
61.73,1,282.8427,225.0000,-1.2000
61.74,1,282.8427,225.0000,-1.2000
61.75,1,282.8427,225.0000,-1.1000
61.76,1,282.8427,225.0000,-1.0000
61.77,1,282.8427,225.0000,-0.9000
61.78,1,282.8427,225.0000,-0.8000
61.79,1,282.8427,225.0000,-0.8000
61.8,1,282.8427,225.0000,-0.7000
61.81,1,282.8427,225.0000,-0.6000
61.82,1,282.8427,225.0000,-0.5000
61.83,1,282.8427,225.0000,-0.4000
61.84,1,282.8427,225.0000,-0.4000
61.85,1,282.8427,225.0000,-0.3000
61.86,1,282.8427,225.0000,-0.2000
61.87,1,282.8427,225.0000,-0.1000
61.88,1,282.8427,225.0000,0.0000
61.89,1,282.8427,225.0000,0.0000
61.9,1,282.8427,225.0000,0.1000
61.91,1,282.8427,225.0000,0.2000
61.92,1,282.8427,225.0000,0.3000
61.93,1,282.8427,225.0000,0.4000
61.94,1,282.8427,225.0000,0.4000
61.95,1,282.8427,225.0000,0.5000
61.96,1,282.8427,225.0000,0.6000
61.97,1,282.8427,225.0000,0.7000
61.98,1,282.8427,225.0000,0.8000
61.99,1,282.8427,225.0000,0.8000
62,1,282.8427,225.0000,0.9000
62.01,1,282.8427,225.0000,1.0000
62.02,1,282.8427,225.0000,1.1000
62.03,1,282.8427,225.0000,1.2000
62.04,1,282.8427,225.0000,1.2000
62.05,1,282.8427,225.0000,1.3000
62.06,1,282.8427,225.0000,1.4000
62.07,1,282.8427,225.0000,1.5000
62.08,1,282.8427,225.0000,1.6000
62.09,1,282.8427,225.0000,1.6000
62.1,1,282.8427,225.0000,1.7000
62.11,1,282.8427,225.0000,1.8000
62.12,1,282.8427,225.0000,1.9000
62.13,1,282.8427,225.0000,2.0000
62.14,1,282.8427,225.0000,2.0000
62.15,1,282.8427,225.0000,2.1000
62.16,1,282.8427,225.0000,2.2000
62.17,1,282.8427,225.0000,2.3000
62.18,1,282.8427,225.0000,2.4000
62.19,1,282.8427,225.0000,2.4000
62.2,1,282.8427,225.0000,2.5000
62.21,1,282.8427,225.0000,2.6000
62.22,1,282.8427,225.0000,2.7000
62.23,1,282.8427,225.0000,2.8000
62.24,1,282.8427,225.0000,2.8000
62.25,1,282.8427,225.0000,2.9000
62.26,1,282.8427,225.0000,3.0000
62.27,1,282.8427,225.0000,3.1000
62.28,1,282.8427,225.0000,3.2000
62.29,1,282.8427,225.0000,3.2000
62.3,1,282.8427,225.0000,3.3000
62.31,1,282.8427,225.0000,3.4000
62.32,1,282.8427,225.0000,3.5000
62.33,1,282.8427,225.0000,3.6000
62.34,1,282.8427,225.0000,3.6000
62.35,1,282.8427,225.0000,3.7000
62.36,1,282.8427,225.0000,3.8000
62.37,1,282.8427,225.0000,3.9000
62.38,1,282.8427,225.0000,4.0000
62.39,1,282.8427,225.0000,4.0000
62.4,1,282.8427,225.0000,4.1000
62.41,1,282.8427,225.0000,4.2000
62.42,1,282.8427,225.0000,4.3000
62.43,1,282.8427,225.0000,4.4000
62.44,1,282.8427,225.0000,4.4000
62.45,1,282.8427,225.0000,4.5000
62.46,1,282.8427,225.0000,4.6000
62.47,1,282.8427,225.0000,4.7000
62.48,1,282.8427,225.0000,4.8000
62.49,1,282.8427,225.0000,4.8000
62.5,1,282.8427,225.0000,4.9000
62.51,1,282.8427,225.0000,5.0000
64.12,3,200.0000,202.1416,-5.0000
64.13,3,200.0000,202.3135,-4.7000
64.14,3,200.0000,202.4854,-4.5000
64.15,3,200.0000,202.6573,-4.2000
64.16,3,200.0000,202.8292,-4.0000
64.17,3,200.0000,203.0011,-3.7000
64.18,3,200.0000,203.1729,-3.5000
64.19,3,200.0000,203.3448,-3.2000
64.2,3,200.0000,203.5167,-3.0000
64.21,3,200.0000,203.6886,-2.7000
64.22,3,200.0000,203.8605,-2.5000
64.23,3,200.0000,204.0324,-2.2000
64.24,3,200.0000,204.2043,-2.0000
64.25,3,200.0000,204.3762,-1.7000
64.26,3,200.0000,204.5480,-1.5000
64.27,3,200.0000,204.7199,-1.2000
64.28,3,200.0000,204.8918,-0.9000
64.29,3,200.0000,205.0637,-0.7000
64.3,3,200.0000,205.2356,-0.4000
64.31,3,200.0000,205.4075,-0.2000
64.32,3,200.0000,205.5794,0.1000
64.33,3,200.0000,205.7512,0.3000
64.34,3,200.0000,205.9231,0.6000
64.35,3,200.0000,206.0950,0.8000
64.36,3,200.0000,206.2669,1.1000
64.37,3,200.0000,206.4388,1.3000
64.38,3,200.0000,206.6107,1.6000
64.39,3,200.0000,206.7826,1.8000
64.4,3,200.0000,206.9545,2.1000
64.41,3,200.0000,207.1263,2.3000
64.42,3,200.0000,207.2982,2.6000
64.43,3,200.0000,207.4701,2.8000
64.44,3,200.0000,207.6420,3.1000
64.45,3,200.0000,207.8139,3.3000
64.46,3,200.0000,207.9858,3.6000
64.47,3,200.0000,208.1577,3.8000
64.48,3,200.0000,208.3296,4.1000
64.49,3,200.0000,208.5014,4.3000
64.5,3,200.0000,208.6733,4.6000
64.51,3,200.0000,208.8452,4.8000
78.42,3,200.0000,87.9405,-4.8000
78.43,3,200.0000,88.1124,-4.5000
78.44,3,200.0000,88.2843,-4.3000
78.45,3,200.0000,88.4562,-4.0000
78.46,3,200.0000,88.6281,-3.8000
78.47,3,200.0000,88.7999,-3.5000
78.48,3,200.0000,88.9718,-3.3000
78.49,3,200.0000,89.1437,-3.0000
78.5,3,200.0000,89.3156,-2.8000
78.51,3,200.0000,89.4875,-2.5000
78.52,3,200.0000,89.6594,-2.3000
78.53,3,200.0000,89.8313,-2.0000
78.54,3,200.0000,90.0032,-1.8000
78.55,3,200.0000,90.1750,-1.5000
78.56,3,200.0000,90.3469,-1.3000
78.57,3,200.0000,90.5188,-1.0000
78.58,3,200.0000,90.6907,-0.7000
78.59,3,200.0000,90.8626,-0.5000
78.6,3,200.0000,91.0345,-0.2000
78.61,3,200.0000,91.2064,0.0000
78.62,3,200.0000,91.3783,0.3000
78.63,3,200.0000,91.5501,0.5000
78.64,3,200.0000,91.7220,0.8000
78.65,3,200.0000,91.8939,1.0000
78.66,3,200.0000,92.0658,1.3000
78.67,3,200.0000,92.2377,1.5000
78.68,3,200.0000,92.4096,1.8000
78.69,3,200.0000,92.5815,2.0000
78.7,3,200.0000,92.7534,2.3000
78.71,3,200.0000,92.9252,2.5000
78.72,3,200.0000,93.0971,2.8000
78.73,3,200.0000,93.2690,3.0000
78.74,3,200.0000,93.4409,3.3000
78.75,3,200.0000,93.6128,3.5000
78.76,3,200.0000,93.7847,3.8000
78.77,3,200.0000,93.9566,4.0000
78.78,3,200.0000,94.1285,4.3000
78.79,3,200.0000,94.3003,4.5000
78.8,3,200.0000,94.4722,4.8000
83.77,0,282.8427,45.0000,-4.9000
83.78,0,282.8427,45.0000,-4.8000
83.79,0,282.8427,45.0000,-4.8000
83.8,0,282.8427,45.0000,-4.7000
83.81,0,282.8427,45.0000,-4.6000
83.82,0,282.8427,45.0000,-4.5000
83.83,0,282.8427,45.0000,-4.4000
83.84,0,282.8427,45.0000,-4.4000
83.85,0,282.8427,45.0000,-4.3000
83.86,0,282.8427,45.0000,-4.2000
83.87,0,282.8427,45.0000,-4.1000
83.88,0,282.8427,45.0000,-4.0000
83.89,0,282.8427,45.0000,-4.0000
83.9,0,282.8427,45.0000,-3.9000
83.91,0,282.8427,45.0000,-3.8000
83.92,0,282.8427,45.0000,-3.7000
83.93,0,282.8427,45.0000,-3.6000
83.94,0,282.8427,45.0000,-3.6000
83.95,0,282.8427,45.0000,-3.5000
83.96,0,282.8427,45.0000,-3.4000
83.97,0,282.8427,45.0000,-3.3000
83.98,0,282.8427,45.0000,-3.2000
83.99,0,282.8427,45.0000,-3.2000
84,0,282.8427,45.0000,-3.1000
84.01,0,282.8427,45.0000,-3.0000
84.02,0,282.8427,45.0000,-2.9000
84.03,0,282.8427,45.0000,-2.8000
84.04,0,282.8427,45.0000,-2.8000
84.05,0,282.8427,45.0000,-2.7000
84.06,0,282.8427,45.0000,-2.6000
84.07,0,282.8427,45.0000,-2.5000
84.08,0,282.8427,45.0000,-2.4000
84.09,0,282.8427,45.0000,-2.4000
84.1,0,282.8427,45.0000,-2.3000
84.11,0,282.8427,45.0000,-2.2000
84.12,0,282.8427,45.0000,-2.1000
84.13,0,282.8427,45.0000,-2.0000
84.14,0,282.8427,45.0000,-2.0000
84.15,0,282.8427,45.0000,-1.9000
84.16,0,282.8427,45.0000,-1.8000
84.17,0,282.8427,45.0000,-1.7000
84.18,0,282.8427,45.0000,-1.6000
84.19,0,282.8427,45.0000,-1.6000
84.2,0,282.8427,45.0000,-1.5000
84.21,0,282.8427,45.0000,-1.4000
84.22,0,282.8427,45.0000,-1.3000
84.23,0,282.8427,45.0000,-1.2000
84.24,0,282.8427,45.0000,-1.2000
84.25,0,282.8427,45.0000,-1.1000
84.26,0,282.8427,45.0000,-1.0000
84.27,0,282.8427,45.0000,-0.9000
84.28,0,282.8427,45.0000,-0.8000
84.29,0,282.8427,45.0000,-0.8000
84.3,0,282.8427,45.0000,-0.7000
84.31,0,282.8427,45.0000,-0.6000
84.32,0,282.8427,45.0000,-0.5000
84.33,0,282.8427,45.0000,-0.4000
84.34,0,282.8427,45.0000,-0.4000
84.35,0,282.8427,45.0000,-0.3000
84.36,0,282.8427,45.0000,-0.2000
84.37,0,282.8427,45.0000,-0.1000
84.38,0,282.8427,45.0000,0.0000
84.39,0,282.8427,45.0000,0.0000
84.4,0,282.8427,45.0000,0.1000
84.41,0,282.8427,45.0000,0.2000
84.42,0,282.8427,45.0000,0.3000
84.43,0,282.8427,45.0000,0.4000
84.44,0,282.8427,45.0000,0.4000
84.45,0,282.8427,45.0000,0.5000
84.46,0,282.8427,45.0000,0.6000
84.47,0,282.8427,45.0000,0.7000
84.48,0,282.8427,45.0000,0.8000
84.49,0,282.8427,45.0000,0.8000
84.5,0,282.8427,45.0000,0.9000
84.51,0,282.8427,45.0000,1.0000
84.52,0,282.8427,45.0000,1.1000
84.53,0,282.8427,45.0000,1.2000
84.54,0,282.8427,45.0000,1.2000
84.55,0,282.8427,45.0000,1.3000
84.56,0,282.8427,45.0000,1.4000
84.57,0,282.8427,45.0000,1.5000
84.58,0,282.8427,45.0000,1.6000
84.59,0,282.8427,45.0000,1.6000
84.6,0,282.8427,45.0000,1.7000
84.61,0,282.8427,45.0000,1.8000
84.62,0,282.8427,45.0000,1.9000
84.63,0,282.8427,45.0000,2.0000
84.64,0,282.8427,45.0000,2.0000
84.65,0,282.8427,45.0000,2.1000
84.66,0,282.8427,45.0000,2.2000
84.67,0,282.8427,45.0000,2.3000
84.68,0,282.8427,45.0000,2.4000
84.69,0,282.8427,45.0000,2.4000
84.7,0,282.8427,45.0000,2.5000
84.71,0,282.8427,45.0000,2.6000
84.72,0,282.8427,45.0000,2.7000
84.73,0,282.8427,45.0000,2.8000
84.74,0,282.8427,45.0000,2.8000
84.75,0,282.8427,45.0000,2.9000
84.76,0,282.8427,45.0000,3.0000
84.77,0,282.8427,45.0000,3.1000
84.78,0,282.8427,45.0000,3.2000
84.79,0,282.8427,45.0000,3.2000
84.8,0,282.8427,45.0000,3.3000
84.81,0,282.8427,45.0000,3.4000
84.82,0,282.8427,45.0000,3.5000
84.83,0,282.8427,45.0000,3.6000
84.84,0,282.8427,45.0000,3.6000
84.85,0,282.8427,45.0000,3.7000
84.86,0,282.8427,45.0000,3.8000
84.87,0,282.8427,45.0000,3.9000
84.88,0,282.8427,45.0000,4.0000
84.89,0,282.8427,45.0000,4.0000
84.9,0,282.8427,45.0000,4.1000
84.91,0,282.8427,45.0000,4.2000
84.92,0,282.8427,45.0000,4.3000
84.93,0,282.8427,45.0000,4.4000
84.94,0,282.8427,45.0000,4.4000
84.95,0,282.8427,45.0000,4.5000
84.96,0,282.8427,45.0000,4.6000
84.97,0,282.8427,45.0000,4.7000
84.98,0,282.8427,45.0000,4.8000
84.99,0,282.8427,45.0000,4.8000
85,0,282.8427,45.0000,4.9000
85.01,0,282.8427,45.0000,5.0000
90.5,5,322.8559,0.9997,4.9000
90.51,5,323.5454,0.7932,4.8000
90.52,5,324.2361,0.5873,4.7000
90.53,5,324.9282,0.3822,4.5000
90.54,5,325.6216,0.1777,4.4000
90.55,5,326.3161,359.9738,4.3000
90.56,5,327.0119,359.7707,4.2000
90.57,5,327.7089,359.5681,4.0000
90.58,5,328.4071,359.3662,3.9000
90.59,5,329.1065,359.1650,3.8000
90.6,5,329.8070,358.9644,3.7000
90.61,5,330.5087,358.7645,3.6000
90.62,5,331.2115,358.5652,3.4000
90.63,5,331.9154,358.3665,3.3000
90.64,5,332.6204,358.1685,3.2000
90.65,5,333.3264,357.9710,3.1000
90.66,5,334.0335,357.7743,3.0000
90.67,5,334.7417,357.5781,2.9000
90.68,5,335.4508,357.3825,2.7000
90.69,5,336.1610,357.1876,2.6000
90.7,5,336.8722,356.9933,2.5000
90.71,5,337.5843,356.7996,2.4000
90.72,5,338.2974,356.6065,2.3000
90.73,5,339.0114,356.4140,2.2000
90.74,5,339.7264,356.2221,2.1000
90.75,5,340.4422,356.0308,2.0000
90.76,5,341.1590,355.8401,1.8000
90.77,5,341.8767,355.6500,1.7000
90.78,5,342.5952,355.4605,1.6000
90.79,5,343.3145,355.2716,1.5000
90.8,5,344.0347,355.0833,1.4000
90.81,5,344.7557,354.8955,1.3000
90.82,5,345.4775,354.7083,1.2000
90.83,5,346.2001,354.5217,1.1000
90.84,5,346.9235,354.3357,1.0000
90.85,5,347.6476,354.1502,0.9000
90.86,5,348.3725,353.9653,0.8000
90.87,5,349.0981,353.7809,0.7000
90.88,5,349.8244,353.5971,0.6000
90.89,5,350.5514,353.4139,0.5000
90.9,5,351.2791,353.2312,0.4000
90.91,5,352.0074,353.0491,0.2000
90.92,5,352.7364,352.8676,0.1000
90.93,5,353.4661,352.6865,0.0000
90.94,5,354.1964,352.5060,-0.1000
90.95,5,354.9273,352.3261,-0.2000
90.96,5,355.6588,352.1467,-0.3000
90.97,5,356.3909,351.9678,-0.4000
90.98,5,357.1235,351.7895,-0.5000
90.99,5,357.8568,351.6116,-0.5000
91,5,358.5905,351.4343,-0.6000
91.01,5,359.3248,351.2576,-0.7000
91.02,5,360.0596,351.0813,-0.8000
91.03,5,360.7950,350.9056,-0.9000
91.04,5,361.5308,350.7304,-1.0000
91.05,5,362.2671,350.5557,-1.1000
91.06,5,363.0038,350.3815,-1.2000
91.07,5,363.7410,350.2078,-1.3000
91.08,5,364.4787,350.0346,-1.4000
91.09,5,365.2167,349.8619,-1.5000
91.1,5,365.9552,349.6897,-1.6000
91.11,5,366.6941,349.5180,-1.7000
91.12,5,367.4334,349.3468,-1.8000
91.13,5,368.1730,349.1760,-1.9000
91.14,5,368.9131,349.0058,-2.0000
91.15,5,369.6534,348.8360,-2.0000
91.16,5,370.3941,348.6668,-2.1000
91.17,5,371.1352,348.4980,-2.2000
91.18,5,371.8765,348.3297,-2.3000
91.19,5,372.6181,348.1618,-2.4000
91.2,5,373.3601,347.9944,-2.5000
91.21,5,374.1023,347.8275,-2.6000
91.22,5,374.8448,347.6611,-2.7000
91.23,5,375.5875,347.4951,-2.7000
91.24,5,376.3305,347.3296,-2.8000
91.25,5,377.0737,347.1645,-2.9000
91.26,5,377.8171,346.9999,-3.0000
91.27,5,378.5607,346.8358,-3.1000
91.28,5,379.3046,346.6721,-3.2000
91.29,5,380.0486,346.5088,-3.3000
91.3,5,380.7928,346.3460,-3.3000
91.31,5,381.5371,346.1836,-3.4000
91.32,5,382.2816,346.0217,-3.5000
91.33,5,383.0262,345.8602,-3.6000
91.34,5,383.7710,345.6991,-3.7000
91.35,5,384.5159,345.5385,-3.7000
91.36,5,385.2609,345.3783,-3.8000
91.37,5,386.0059,345.2185,-3.9000
91.38,5,386.7511,345.0592,-4.0000
91.39,5,387.4963,344.9003,-4.1000
91.4,5,388.2416,344.7418,-4.1000
91.41,5,388.9870,344.5837,-4.2000
91.42,5,389.7324,344.4260,-4.3000
91.43,5,390.4778,344.2688,-4.4000
91.44,5,391.2233,344.1119,-4.4000
91.45,5,391.9687,343.9555,-4.5000
91.46,5,392.7142,343.7994,-4.6000
91.47,5,393.4596,343.6438,-4.7000
91.48,5,394.2050,343.4886,-4.8000
91.49,5,394.9504,343.3338,-4.8000
91.5,5,395.6958,343.1793,-4.9000
91.51,5,396.4411,343.0253,-5.0000
92.71,3,200.0000,333.5675,-4.8000
92.72,3,200.0000,333.7394,-4.6000
92.73,3,200.0000,333.9113,-4.3000
92.74,3,200.0000,334.0832,-4.1000
92.75,3,200.0000,334.2551,-3.8000
92.76,3,200.0000,334.4270,-3.6000
92.77,3,200.0000,334.5988,-3.3000
92.78,3,200.0000,334.7707,-3.1000
92.79,3,200.0000,334.9426,-2.8000
92.8,3,200.0000,335.1145,-2.6000
92.81,3,200.0000,335.2864,-2.3000
92.82,3,200.0000,335.4583,-2.1000
92.83,3,200.0000,335.6302,-1.8000
92.84,3,200.0000,335.8021,-1.6000
92.85,3,200.0000,335.9739,-1.3000
92.86,3,200.0000,336.1458,-1.1000
92.87,3,200.0000,336.3177,-0.8000
92.88,3,200.0000,336.4896,-0.6000
92.89,3,200.0000,336.6615,-0.3000
92.9,3,200.0000,336.8334,0.0000
92.91,3,200.0000,337.0053,0.2000
92.92,3,200.0000,337.1771,0.5000
92.93,3,200.0000,337.3490,0.7000
92.94,3,200.0000,337.5209,1.0000
92.95,3,200.0000,337.6928,1.2000
92.96,3,200.0000,337.8647,1.5000
92.97,3,200.0000,338.0366,1.7000
92.98,3,200.0000,338.2085,2.0000
92.99,3,200.0000,338.3804,2.2000
93,3,200.0000,338.5522,2.5000
93.01,3,200.0000,338.7241,2.7000
93.02,3,200.0000,338.8960,3.0000
93.03,3,200.0000,339.0679,3.2000
93.04,3,200.0000,339.2398,3.5000
93.05,3,200.0000,339.4117,3.7000
93.06,3,200.0000,339.5836,4.0000
93.07,3,200.0000,339.7555,4.2000
93.08,3,200.0000,339.9273,4.5000
93.09,3,200.0000,340.0992,4.7000
93.1,3,200.0000,340.2711,5.0000
106.27,1,282.8427,225.0000,-4.9000
106.28,1,282.8427,225.0000,-4.8000
106.29,1,282.8427,225.0000,-4.8000
106.3,1,282.8427,225.0000,-4.7000
106.31,1,282.8427,225.0000,-4.6000
106.32,1,282.8427,225.0000,-4.5000
106.33,1,282.8427,225.0000,-4.4000
106.34,1,282.8427,225.0000,-4.4000
106.35,1,282.8427,225.0000,-4.3000
106.36,1,282.8427,225.0000,-4.2000
106.37,1,282.8427,225.0000,-4.1000
106.38,1,282.8427,225.0000,-4.0000
106.39,1,282.8427,225.0000,-4.0000
106.4,1,282.8427,225.0000,-3.9000
106.41,1,282.8427,225.0000,-3.8000
106.42,1,282.8427,225.0000,-3.7000
106.43,1,282.8427,225.0000,-3.6000
106.44,1,282.8427,225.0000,-3.6000
106.45,1,282.8427,225.0000,-3.5000
106.46,1,282.8427,225.0000,-3.4000
106.47,1,282.8427,225.0000,-3.3000
106.48,1,282.8427,225.0000,-3.2000
106.49,1,282.8427,225.0000,-3.2000
106.5,1,282.8427,225.0000,-3.1000
106.51,1,282.8427,225.0000,-3.0000
106.52,1,282.8427,225.0000,-2.9000
106.53,1,282.8427,225.0000,-2.8000
106.54,1,282.8427,225.0000,-2.8000
106.55,1,282.8427,225.0000,-2.7000
106.56,1,282.8427,225.0000,-2.6000
106.57,1,282.8427,225.0000,-2.5000
106.58,1,282.8427,225.0000,-2.4000
106.59,1,282.8427,225.0000,-2.4000
106.6,1,282.8427,225.0000,-2.3000
106.61,1,282.8427,225.0000,-2.2000
106.62,1,282.8427,225.0000,-2.1000
106.63,1,282.8427,225.0000,-2.0000
106.64,1,282.8427,225.0000,-2.0000
106.65,1,282.8427,225.0000,-1.9000
106.66,1,282.8427,225.0000,-1.8000
106.67,1,282.8427,225.0000,-1.7000
106.68,1,282.8427,225.0000,-1.6000
106.69,1,282.8427,225.0000,-1.6000
106.7,1,282.8427,225.0000,-1.5000
106.71,1,282.8427,225.0000,-1.4000
106.72,1,282.8427,225.0000,-1.3000
106.73,1,282.8427,225.0000,-1.2000
106.74,1,282.8427,225.0000,-1.2000
106.75,1,282.8427,225.0000,-1.1000
106.76,1,282.8427,225.0000,-1.0000
106.77,1,282.8427,225.0000,-0.9000
106.78,1,282.8427,225.0000,-0.8000
106.79,1,282.8427,225.0000,-0.8000
106.8,1,282.8427,225.0000,-0.7000
106.81,1,282.8427,225.0000,-0.6000
106.82,1,282.8427,225.0000,-0.5000
106.83,1,282.8427,225.0000,-0.4000
106.84,1,282.8427,225.0000,-0.4000
106.85,1,282.8427,225.0000,-0.3000
106.86,1,282.8427,225.0000,-0.2000
106.87,1,282.8427,225.0000,-0.1000
106.88,1,282.8427,225.0000,0.0000
106.89,1,282.8427,225.0000,0.0000
106.9,1,282.8427,225.0000,0.1000
106.91,1,282.8427,225.0000,0.2000
106.92,1,282.8427,225.0000,0.3000
106.93,1,282.8427,225.0000,0.4000
106.94,1,282.8427,225.0000,0.4000
106.95,1,282.8427,225.0000,0.5000
106.96,1,282.8427,225.0000,0.6000
106.97,1,282.8427,225.0000,0.7000
106.98,1,282.8427,225.0000,0.8000
106.99,1,282.8427,225.0000,0.8000
107,1,282.8427,225.0000,0.9000
107,3,200.0000,219.1945,-4.9000
107.01,1,282.8427,225.0000,1.0000
107.01,3,200.0000,219.3664,-4.6000
107.02,1,282.8427,225.0000,1.1000
107.02,3,200.0000,219.5383,-4.4000
107.03,1,282.8427,225.0000,1.2000
107.03,3,200.0000,219.7102,-4.1000
107.04,1,282.8427,225.0000,1.2000
107.04,3,200.0000,219.8821,-3.9000
107.05,1,282.8427,225.0000,1.3000
107.05,3,200.0000,220.0540,-3.6000
107.06,1,282.8427,225.0000,1.4000
107.06,3,200.0000,220.2258,-3.4000
107.07,1,282.8427,225.0000,1.5000
107.07,3,200.0000,220.3977,-3.1000
107.08,1,282.8427,225.0000,1.6000
107.08,3,200.0000,220.5696,-2.9000
107.09,1,282.8427,225.0000,1.6000
107.09,3,200.0000,220.7415,-2.6000
107.1,1,282.8427,225.0000,1.7000
107.1,3,200.0000,220.9134,-2.4000
107.11,1,282.8427,225.0000,1.8000
107.11,3,200.0000,221.0853,-2.1000
107.12,1,282.8427,225.0000,1.9000
107.12,3,200.0000,221.2572,-1.9000
107.13,1,282.8427,225.0000,2.0000
107.13,3,200.0000,221.4291,-1.6000
107.14,1,282.8427,225.0000,2.0000
107.14,3,200.0000,221.6009,-1.4000
107.15,1,282.8427,225.0000,2.1000
107.15,3,200.0000,221.7728,-1.1000
107.16,1,282.8427,225.0000,2.2000
107.16,3,200.0000,221.9447,-0.9000
107.17,1,282.8427,225.0000,2.3000
107.17,3,200.0000,222.1166,-0.6000
107.18,1,282.8427,225.0000,2.4000
107.18,3,200.0000,222.2885,-0.4000
107.19,1,282.8427,225.0000,2.4000
107.19,3,200.0000,222.4604,-0.1000
107.2,1,282.8427,225.0000,2.5000
107.2,3,200.0000,222.6323,0.2000
107.21,1,282.8427,225.0000,2.6000
107.21,3,200.0000,222.8042,0.4000
107.22,1,282.8427,225.0000,2.7000
107.22,3,200.0000,222.9760,0.7000
107.23,1,282.8427,225.0000,2.8000
107.23,3,200.0000,223.1479,0.9000
107.24,1,282.8427,225.0000,2.8000
107.24,3,200.0000,223.3198,1.2000
107.25,1,282.8427,225.0000,2.9000
107.25,3,200.0000,223.4917,1.4000
107.26,1,282.8427,225.0000,3.0000
107.26,3,200.0000,223.6636,1.7000
107.27,1,282.8427,225.0000,3.1000
107.27,3,200.0000,223.8355,1.9000
107.28,1,282.8427,225.0000,3.2000
107.28,3,200.0000,224.0074,2.2000
107.29,1,282.8427,225.0000,3.2000
107.29,3,200.0000,224.1793,2.4000
107.3,1,282.8427,225.0000,3.3000
107.3,3,200.0000,224.3511,2.7000
107.31,1,282.8427,225.0000,3.4000
107.31,3,200.0000,224.5230,2.9000
107.32,1,282.8427,225.0000,3.5000
107.32,3,200.0000,224.6949,3.2000
107.33,1,282.8427,225.0000,3.6000
107.33,3,200.0000,224.8668,3.4000
107.34,1,282.8427,225.0000,3.6000
107.34,3,200.0000,225.0387,3.7000
107.35,1,282.8427,225.0000,3.7000
107.35,3,200.0000,225.2106,3.9000
107.36,1,282.8427,225.0000,3.8000
107.36,3,200.0000,225.3825,4.2000
107.37,1,282.8427,225.0000,3.9000
107.37,3,200.0000,225.5544,4.4000
107.38,1,282.8427,225.0000,4.0000
107.38,3,200.0000,225.7262,4.7000
107.39,1,282.8427,225.0000,4.0000
107.39,3,200.0000,225.8981,4.9000
107.4,1,282.8427,225.0000,4.1000
107.41,1,282.8427,225.0000,4.2000
107.42,1,282.8427,225.0000,4.3000
107.43,1,282.8427,225.0000,4.4000
107.44,1,282.8427,225.0000,4.4000
107.45,1,282.8427,225.0000,4.5000
107.46,1,282.8427,225.0000,4.6000
107.47,1,282.8427,225.0000,4.7000
107.48,1,282.8427,225.0000,4.8000
107.49,1,282.8427,225.0000,4.8000
107.5,1,282.8427,225.0000,4.9000
107.51,1,282.8427,225.0000,5.0000
